preco;tipo;area;quartos;bairro
1800;Apartamento;45;1;asa sul
600;Kitnet;30;1;asa norte
1200;Apartamento;37;1;aguas claras
600;Kitnet;25;1;asa norte
2600;Hotel-Flat;49;1;asa sul
750;Kitnet;25;1;asa norte
800;Kitnet;28;1;asa norte
2600;Apartamento;51;1;asa sul
2700;Apartamento;48;1;lago norte
2300;Apartamento;48;1;asa norte
480;Casa;30;1;taguatinga
700;Apartamento;55;1;areal
1600;Apartamento;29;1;sudoeste
600;Kitnet;25;1;asa norte
2600;Apartamento;51;1;asa sul
2500;Hotel-Flat;25;1;asa norte
2500;Hotel-Flat;49;1;asa norte
2900;Apartamento;51;1;asa norte
2700;Hotel-Flat;48;1;asa sul
2800;Hotel-Flat;51;1;asa norte
900;Kitnet;40;1;sudoeste
2300;Hotel-Flat;48;1;asa norte
2300;Apartamento;48;1;asa norte
800;Kitnet;28;1;asa sul
2300;Apartamento;48;1;asa norte
3200;Hotel-Flat;48;1;asa sul
800;Kitnet;33;1;sudoeste
1750;Apartamento;33;1;aguas claras
3000;Apartamento;48;1;asa sul
850;Apartamento;35;1;guara ii
3500;Apartamento;48;1;asa sul
215000;Apartamento;32;1;aguas claras
6500;Hotel-Flat;100;1;asa norte
3600;Hotel-Flat;28;1;asa norte
2500;Apartamento;38;1;asa norte
690;Apartamento;50;1;ceilandia
700;Kitnet;22;1;asa norte
700;Kitnet;33;1;asa norte
700;Kitnet;30;1;asa norte
1600;Kitnet;26;1;asa sul
1500;Kitnet;28;1;sudoeste
1950;Apartamento;65;1;lago norte
750;Kitnet;33;1;asa norte
1500;Kitnet;28;1;asa norte
1100;Apartamento;30;1;lago norte
750;Apartamento;30;1;samambaia
1200;Kitnet;27;1;sudoeste
815;Apartamento;35;1;aguas claras
1300;Kitnet;24;1;park sul
1300;Kitnet;28;1;lago norte
850;Apartamento;35;1;guara ii
595;Kitnet;24;1;asa norte
1150;Kitnet;22;1;asa norte
1000;Apartamento;35;1;asa norte
1100;Apartamento;31;1;aguas claras
2300;Apartamento;50;1;asa norte
1300;Apartamento;30;1;aguas claras
1990;Hotel-Flat;46;1;asa sul
800;Kitnet;27;1;asa norte
1000;Apartamento;30;1;sudoeste
750;Apartamento;40;1;taguatinga
860;Kitnet;33;1;aguas claras
800;Kitnet;27;1;sudoeste
450;Casa;29;1;ceilandia
1250;Kitnet;34;1;aguas claras
2500;Hotel-Flat;44;1;park sul
700;Kitnet;27;1;asa norte
4000;Hotel-Flat;60;1;asa sul
1100;Apartamento;25;1;asa norte
980;Kitnet;26;1;asa norte
820;Apartamento;33;1;ceilandia
1100;Kitnet;27;1;sudoeste
1971;Apartamento;27;1;asa norte
1090;Kitnet;27;1;sudoeste
1350;Apartamento;32;1;aguas claras
600;Kitnet;30;1;guara ii
1300;Kitnet;30;1;sudoeste
1200;Apartamento;39;1;asa norte
850;Kitnet;38;1;asa norte
1000;Apartamento;40;1;aguas claras
1150;Kitnet;26;1;asa norte
850;Apartamento;35;1;guara ii
1300;Apartamento;37;1;sudoeste
1700;Apartamento;51;1;lago norte
700;Apartamento;48;1;guara ii
1450;Apartamento;35;1;aguas claras
1800;Hotel-Flat;23;1;asa norte
750;Kitnet;29;1;asa norte
1150;Apartamento;32;1;taguatinga
610;Casa;34;1;ceilandia
750;Apartamento;30;1;guara ii
7200;Apartamento;51;1;asa sul
1000;Apartamento;30;1;aguas claras
900;Kitnet;30;1;asa norte
1700;Kitnet;25;1;sudoeste
1099;Kitnet;32;1;lago norte
1200;Apartamento;30;1;lago norte
1400;Kitnet;25;1;asa sul
550;Apartamento;50;1;areal
900;Kitnet;25;1;asa norte
1200;Kitnet;30;1;aguas claras
1185;Apartamento;28;1;asa sul
500;Kitnet;30;1;samambaia
570;Kitnet;20;1;asa norte
2900;Apartamento;51;1;asa norte
900;Kitnet;25;1;asa norte
600;Apartamento;40;1;taguatinga
1200;Apartamento;38;1;asa norte
900;Casa;60;1;taguatinga
1100;Kitnet;28;1;asa norte
700;Kitnet;26;1;lago norte
800;Kitnet;30;1;asa norte
1400;Kitnet;27;1;sudoeste
750;Kitnet;27;1;asa norte
1100;Kitnet;38;1;sudoeste
800;Kitnet;25;1;asa sul
850;Kitnet;25;1;asa norte
700;Kitnet;22;1;asa norte
3000;Apartamento;37;1;asa norte
800;Apartamento;30;1;guara ii
1600;Apartamento;41;1;asa norte
1300;Sala;32;1;asa sul
750;Apartamento;45;1;taguatinga
1100;Kitnet;26;1;cruzeiro
500;Apartamento;40;1;areal
980;Apartamento;49;1;asa norte
650;Kitnet;30;1;asa norte
1300;Apartamento;24;1;asa sul
950;Kitnet;39;1;asa norte
900;Kitnet;33;1;aguas claras
850;Kitnet;32;1;asa norte
600;Apartamento;30;1;taguatinga
2000;Apartamento;45;1;noroeste
1220;Kitnet;25;1;asa sul
750;Apartamento;24;1;riacho fundo
750;Kitnet;28;1;asa norte
850;Apartamento;30;1;asa norte
2700;Apartamento;40;1;asa norte
1050;Apartamento;33;1;lago norte
850;Kitnet;27;1;asa norte
4000;Hotel-Flat;44;1;asa norte
900;Kitnet;20;1;asa norte
900;Kitnet;25;1;asa norte
1300;Kitnet;25;1;sudoeste
1150;Kitnet;30;1;sudoeste
800;Kitnet;25;1;asa norte
1300;Apartamento;26;1;asa norte
750;Kitnet;30;1;sobradinho
900;Apartamento;29;1;sudoeste
1050;Apartamento;32;1;aguas claras
720;Kitnet;26;1;asa norte
1400;Kitnet;24;1;park sul
790;Kitnet;27;1;asa norte
1100;Apartamento;40;1;aguas claras
1800;Kitnet;34;1;noroeste
650;Apartamento;45;1;nucleo bandeirante
1400;Kitnet;42;1;asa norte
2800;Apartamento;120;1;jardim botanico
650;Kitnet;23;1;asa norte
500;Kitnet;30;1;nucleo bandeirante
2500;Apartamento;48;1;asa sul
850;Kitnet;27;1;sudoeste
1290;Kitnet;26;1;asa norte
850;Kitnet;27;1;sudoeste
1500;Hotel-Flat;29;1;asa norte
700;Kitnet;22;1;asa norte
1200;Apartamento;30;1;lago norte
650;Apartamento;40;1;ceilandia
890;Kitnet;30;1;sudoeste
750;Apartamento;32;1;asa norte
1450;Kitnet;30;1;lago sul
750;Kitnet;22;1;asa norte
3000;Hotel-Flat;30;1;asa sul
1000;Kitnet;30;1;asa sul
900;Kitnet;29;1;sudoeste
2200;Hotel-Flat;37;1;asa norte
1200;Apartamento;30;1;lago norte
800;Kitnet;30;1;asa norte
800;Kitnet;25;1;sudoeste
901;Kitnet;31;1;asa norte
800;Kitnet;30;1;sudoeste
600;Kitnet;30;1;asa norte
750;Apartamento;25;1;guara ii
590;Kitnet;19;1;asa norte
900;Kitnet;30;1;lago norte
800;Apartamento;30;1;guara ii
850;Apartamento;50;1;sobradinho
3500;Apartamento;79;1;sudoeste
1800;Hotel-Flat;28;1;park sul
2300;Sala;37;1;asa sul
1590;Apartamento;33;1;noroeste
400;Casa;50;1;ceilandia
1450;Kitnet;35;1;sudoeste
1400;Apartamento;33;1;asa sul
1100;Apartamento;32;1;aguas claras
600;Kitnet;32;1;taguatinga
450;Kitnet;35;1;ceilandia
800;Apartamento;46;1;vicente pires
1300;Kitnet;25;1;asa sul
1300;Kitnet;25;1;asa sul
600;Kitnet;30;1;guara ii
1900;Apartamento;45;1;lago norte
1050;Kitnet;27;1;asa norte
2100;Casa;58;1;lago norte
1200;Kitnet;40;1;jardim botanico
1600;Apartamento;56;1;lago norte
1100;Apartamento;40;1;aguas claras
1100;Kitnet;34;1;lago norte
700;Kitnet;28;1;asa norte
1300;Apartamento;35;1;asa norte
600;Kitnet;58;1;nucleo bandeirante
850;Apartamento;30;1;asa norte
1150;Kitnet;27;1;sudoeste
1500;Hotel-Flat;33;1;aguas claras
1800;Hotel-Flat;30;1;asa norte
1500;Apartamento;33;1;aguas claras
370;Kitnet;26;1;ceilandia
1100;Kitnet;24;1;sudoeste
1300;Kitnet;30;1;asa norte
650;Casa;35;1;taguatinga
2300;Hotel-Flat;30;1;asa norte
700;Apartamento;37;1;ceilandia
2100;Kitnet;42;1;guara ii
1300;Kitnet;25;1;asa sul
600;Apartamento;35;1;riacho fundo
1000;Kitnet;28;1;asa norte
600;Casa;40;1;guara i
950;Kitnet;60;1;taguatinga
5200;Apartamento;45;1;asa sul
1300;Apartamento;35;1;asa sul
1100;Kitnet;35;1;asa norte
1300;Apartamento;36;1;asa norte
1600;Hotel-Flat;26;1;park sul
1600;Apartamento;30;1;aguas claras
1100;Kitnet;30;1;asa sul
1300;Apartamento;33;1;noroeste
900;Apartamento;29;1;asa norte
1500;Loja;65;1;taguatinga
800;Kitnet;30;1;sudoeste
4500;Hotel-Flat;33;1;asa sul
800;Apartamento;30;1;guara ii
2000;Apartamento;83;1;lago norte
950;Kitnet;30;1;cruzeiro
850;Apartamento;60;1;guara ii
950;Apartamento;28;1;sudoeste
2200;Apartamento;56;1;asa sul
2500;Hotel-Flat;40;1;asa norte
800;Apartamento;36;1;guara i
1100;Apartamento;35;1;aguas claras
1400;Apartamento;33;1;aguas claras
750;Apartamento;33;1;asa norte
1750;Apartamento;63;1;lago norte
900;Kitnet;25;1;asa norte
650;Apartamento;45;1;ceilandia
1100;Kitnet;36;1;asa norte
850;Kitnet;28;1;asa norte
800;Kitnet;30;1;lago norte
1200;Apartamento;35;1;asa norte
2350;Hotel-Flat;28;1;asa norte
800;Kitnet;30;1;lago norte
800;Kitnet;25;1;asa norte
2000;Apartamento;44;1;asa sul
2200;Hotel-Flat;48;1;asa sul
800;Apartamento;38;1;samambaia
1000;Kitnet;25;1;sudoeste
1490;Apartamento;33;1;aguas claras
4000;Apartamento;160;1;asa norte
1190;Apartamento;45;1;asa sul
2500;Hotel-Flat;35;1;asa norte
1600;Kitnet;27;1;asa sul
500;Kitnet;20;1;asa norte
1250;Apartamento;40;1;aguas claras
500;Kitnet;33;1;santa maria
700;Apartamento;30;1;taguatinga
1100;Kitnet;30;1;asa norte
1400;Kitnet;28;1;lago norte
1900;Hotel-Flat;29;1;asa norte
1500;Apartamento;50;1;aguas claras
3300;Apartamento;53;1;asa norte
3000;Hotel-Flat;38;1;asa norte
950;Kitnet;27;1;cruzeiro
1100;Apartamento;32;1;aguas claras
700;Casa;10;1;taguatinga
850;Kitnet;36;1;asa norte
2600;Apartamento;48;1;asa sul
550;Apartamento;40;1;taguatinga
1500;Apartamento;42;1;lago norte
1250;Apartamento;27;1;lago norte
850;Kitnet;40;1;sudoeste
850;Kitnet;30;1;sudoeste
2500;Hotel-Flat;38;1;asa norte
1200;Kitnet;32;1;asa norte
788;Kitnet;26;1;asa sul
1500;Apartamento;40;1;sudoeste
1650;Kitnet;38;1;lucio costa
650;Kitnet;29;1;asa norte
450;Casa;30;1;ceilandia
1200;Kitnet;25;1;asa sul
1450;Kitnet;29;1;asa norte
750;Apartamento;40;1;asa norte
1300;Apartamento;48;1;taguatinga
600;Apartamento;40;1;riacho fundo
980;Apartamento;32;1;aguas claras
900;Apartamento;37;1;asa norte
2200;Apartamento;48;1;asa norte
400;Sala;30;1;nucleo bandeirante
1689;Kitnet;26;1;asa sul
2500;Hotel-Flat;28;1;asa norte
1100;Kitnet;30;1;asa norte
990;Apartamento;41;1;asa norte
1800;Kitnet;30;1;noroeste
2500;Hotel-Flat;37;1;asa norte
1350;Apartamento;30;1;sudoeste
850;Apartamento;30;1;asa norte
900;Kitnet;30;1;asa norte
1300;Kitnet;27;1;park sul
1300;Apartamento;30;1;asa sul
1150;Apartamento;26;1;asa norte
950;Kitnet;25;1;sudoeste
900;Kitnet;30;1;sudoeste
1200;Kitnet;38;1;cruzeiro
1500;Apartamento;42;1;lago norte
500;Kitnet;35;1;paranoa
2600;Hotel-Flat;53;1;asa sul
1350;Kitnet;28;1;sudoeste
1400;Apartamento;34;1;aguas claras
1000;Kitnet;30;1;asa norte
1000;Apartamento;45;1;asa norte
1200;Kitnet;30;1;sudoeste
1449;Hotel-Flat;35;1;asa norte
1100;Kitnet;24;1;asa norte
700;Kitnet;31;1;samambaia
1600;Apartamento;28;1;park sul
750;Apartamento;40;1;guara ii
850;Apartamento;30;1;guara i
2100;Kitnet;32;1;noroeste
2000;Hotel-Flat;33;1;asa norte
4000;Hotel-Flat;49;1;asa sul
750;Apartamento;35;1;asa norte
800;Apartamento;37;1;taguatinga
750;Kitnet;28;1;aguas claras
1600;Apartamento;36;1;sudoeste
1300;Apartamento;37;1;taguatinga
1900;Apartamento;75;1;sudoeste
1150;Kitnet;40;1;sudoeste
2850;Apartamento;35;1;asa sul
4000;Hotel-Flat;32;1;asa sul
950;Kitnet;16;1;jardim botanico
1200;Apartamento;32;1;aguas claras
850;Casa;97;1;taguatinga
1000;Kitnet;25;1;asa norte
900;Kitnet;25;1;sudoeste
600;Kitnet;15;1;areal
660;Kitnet;28;1;taguatinga
1000;Kitnet;45;1;asa norte
700;Kitnet;37;1;asa norte
750;Kitnet;23;1;asa norte
2000;Apartamento;40;1;sudoeste
600;Apartamento;35;1;vicente pires
1300;Hotel-Flat;30;1;asa norte
1600;Apartamento;27;1;aguas claras
550;Kitnet;26;1;ceilandia
1500;Hotel-Flat;30;1;asa norte
1100;Apartamento;35;1;asa norte
1320;Kitnet;24;1;sudoeste
850;Kitnet;25;1;sudoeste
1000;Kitnet;25;1;asa norte
1300;Kitnet;25;1;asa sul
1000;Kitnet;36;1;lago norte
800;Kitnet;45;1;taguatinga
600;Kitnet;28;1;asa norte
650;Kitnet;35;1;asa norte
1200;Kitnet;30;1;park sul
1650;Kitnet;30;1;sudoeste
1000;Kitnet;39;1;sobradinho
600;Apartamento;38;1;guara ii
550;Kitnet;60;1;paranoa
1200;Kitnet;30;1;lago norte
1200;Kitnet;25;1;asa sul
1200;Apartamento;32;1;aguas claras
1100;Apartamento;33;1;asa sul
1200;Apartamento;30;1;lago norte
900;Kitnet;25;1;sudoeste
800;Kitnet;32;1;asa norte
1600;Kitnet;26;1;asa sul
700;Kitnet;23;1;asa norte
1000;Kitnet;29;1;lago norte
2129;Apartamento;30;1;asa norte
2550;Apartamento;62;1;taguatinga
1400;Apartamento;33;1;aguas claras
1100;Kitnet;45;1;cruzeiro
500;Apartamento;26;1;taguatinga
4000;Hotel-Flat;51;1;asa norte
1350;Kitnet;30;1;asa norte
600;Apartamento;30;1;taguatinga
850;Kitnet;28;1;asa norte
950;Kitnet;30;1;asa norte
350;Kitnet;20;1;nucleo bandeirante
600;Kitnet;38;1;guara i
1000;Casa;128;1;paranoa
1800;Apartamento;62;1;sudoeste
1100;Kitnet;25;1;sudoeste
700;Apartamento;47;1;taguatinga
700;Kitnet;19;1;asa norte
3000;Hotel-Flat;30;1;asa sul
800;Kitnet;33;1;lago norte
2000;Apartamento;40;1;asa norte
1700;Apartamento;40;1;asa norte
1250;Apartamento;32;1;aguas claras
600;Apartamento;29;1;guara ii
1200;Apartamento;30;1;lago norte
1800;Apartamento;23;1;asa norte
900;Kitnet;25;1;asa norte
650;Kitnet;29;1;sudoeste
1200;Apartamento;32;1;aguas claras
1100;Kitnet;25;1;sudoeste
1000;Kitnet;35;1;sudoeste
850;Kitnet;29;1;asa norte
2500;Apartamento;51;1;asa sul
900;Kitnet;25;1;asa norte
850;Apartamento;30;1;guara ii
1000;Apartamento;29;1;sudoeste
1250;Kitnet;25;1;asa norte
450;Kitnet;47;1;taguatinga
1200;Apartamento;33;1;aguas claras
850;Kitnet;26;1;asa norte
1200;Apartamento;30;1;sudoeste
800;Apartamento;30;1;guara ii
1500;Apartamento;35;1;aguas claras
1200;Hotel-Flat;30;1;asa norte
1000;Apartamento;30;1;asa norte
1600;Kitnet;26;1;asa sul
1200;Apartamento;30;1;lago norte
1100;Apartamento;35;1;aguas claras
2200;Apartamento;33;1;noroeste
900;Kitnet;26;1;sudoeste
1350;Apartamento;33;1;asa sul
1200;Apartamento;40;1;asa norte
950;Kitnet;37;1;sudoeste
1700;Apartamento;33;1;aguas claras
600;Kitnet;35;1;vicente pires
750;Apartamento;50;1;guara ii
1000;Apartamento;42;1;aguas claras
500;Apartamento;25;1;nucleo bandeirante
600;Kitnet;26;1;asa norte
1000;Kitnet;24;1;sudoeste
1280;Apartamento;30;1;asa norte
950;Apartamento;30;1;asa norte
900;Apartamento;30;1;guara ii
1200;Kitnet;25;1;asa sul
2200;Hotel-Flat;48;1;asa sul
1200;Apartamento;30;1;lago norte
1800;Hotel-Flat;35;1;asa norte
450;Apartamento;45;1;nucleo bandeirante
950;Kitnet;35;1;sudoeste
1200;Kitnet;25;1;asa sul
1100;Apartamento;30;1;guara ii
500;Kitnet;12;1;areal
1100;Kitnet;34;1;sudoeste
3000;Hotel-Flat;32;1;asa norte
200;Garagem;12;1;sudoeste
3041;Apartamento;33;1;asa norte
2253;Apartamento;52;1;asa norte
2500;Hotel-Flat;37;1;asa norte
1150;Kitnet;35;1;lago norte
1000;Apartamento;32;1;asa norte
550;Kitnet;25;1;santa maria
1100;Apartamento;30;1;sudoeste
950;Kitnet;25;1;asa norte
1800;Apartamento;33;1;asa sul
600;Kitnet;15;1;areal
1380;Kitnet;40;1;asa norte
350;Casa;35;1;recanto das emas
1600;Kitnet;26;1;asa sul
1150;Kitnet;28;1;sudoeste
850;Apartamento;45;1;lucio costa
450;Kitnet;36;1;samambaia
3266;Apartamento;38;1;asa sul
1300;Kitnet;25;1;asa norte
1000;Kitnet;30;1;asa norte
750;Kitnet;27;1;asa norte
1300;Apartamento;28;1;asa sul
1000;Apartamento;28;1;sudoeste
850;Kitnet;28;1;sudoeste
1100;Kitnet;30;1;sudoeste
2600;Hotel-Flat;30;1;asa norte
700;Kitnet;35;1;asa norte
2600;Hotel-Flat;28;1;asa norte
2690;Hotel-Flat;30;1;asa norte
600;Apartamento;30;1;asa norte
1050;Apartamento;38;1;aguas claras
850;Kitnet;25;1;sudoeste
1200;Apartamento;30;1;asa norte
2100;Apartamento;37;1;asa norte
1600;Kitnet;29;1;asa sul
1500;Apartamento;42;1;asa norte
700;Apartamento;30;1;aguas claras
950;Apartamento;38;1;asa sul
1950;Kitnet;33;1;noroeste
800;Kitnet;37;1;asa norte
930;Kitnet;28;1;asa norte
1850;Hotel-Flat;32;1;asa norte
900;Apartamento;33;1;sudoeste
1100;Apartamento;34;1;aguas claras
1450;Apartamento;33;1;asa sul
1050;Apartamento;32;1;aguas claras
1100;Kitnet;27;1;asa norte
1200;Kitnet;27;1;asa norte
890;Kitnet;25;1;asa norte
4200;Apartamento;33;1;asa norte
900;Kitnet;30;1;sudoeste
1200;Apartamento;24;1;aguas claras
1200;Apartamento;36;1;aguas claras
750;Apartamento;43;1;taguatinga
1200;Apartamento;30;1;lago norte
1000;Apartamento;30;1;asa norte
1200;Apartamento;33;1;aguas claras
2500;Hotel-Flat;54;1;asa norte
700;Kitnet;35;1;samambaia
900;Kitnet;28;1;asa norte
950;Kitnet;30;1;asa norte
500;Apartamento;18;1;candangolandia
1100;Kitnet;26;1;asa norte
1000;Kitnet;25;1;asa norte
500;Apartamento;70;1;paranoa
700;Kitnet;25;1;asa norte
1100;Apartamento;35;1;guara ii
700;Kitnet;22;1;asa norte
1000;Kitnet;29;1;sudoeste
700;Kitnet;22;1;asa norte
1000;Kitnet;35;1;aguas claras
1600;Rural;0,00;1;lago norte
350;Kitnet;26;1;riacho fundo
1100;Kitnet;25;1;park sul
1300;Apartamento;30;1;asa norte
2700;Hotel-Flat;40;1;asa norte
800;Kitnet;30;1;sudoeste
2400;Apartamento;60;1;lago norte
900;Kitnet;28;1;sudoeste
750;Kitnet;25;1;asa norte
500;Kitnet;12;1;areal
750;Kitnet;30;1;lago norte
1200;Apartamento;30;1;lago norte
700;Kitnet;46;1;aguas claras
750;Apartamento;39;1;riacho fundo
1320;Apartamento;33;1;asa norte
2700;Apartamento;30;1;asa norte
1150;Apartamento;27;1;asa norte
2000;Apartamento;32;1;asa norte
1000;Sala;40;1;taguatinga
1200;Apartamento;30;1;lago norte
900;Kitnet;28;1;asa norte
1000;Kitnet;32;1;asa norte
1950;Kitnet;25;1;asa norte
700;Apartamento;40;1;ceilandia
700;Kitnet;22;1;asa norte
1250;Apartamento;30;1;asa norte
600;Apartamento;35;1;riacho fundo
1200;Kitnet;30;1;sudoeste
1400;Kitnet;25;1;asa sul
750;Kitnet;22;1;asa norte
1050;Apartamento;31;1;aguas claras
340;Kitnet;35;1;ceilandia
1100;Kitnet;26;1;sudoeste
800;Apartamento;35;1;guara i
700;Kitnet;27;1;areal
850;Kitnet;26;1;asa norte
1900;Apartamento;50;1;sudoeste
1200;Kitnet;30;1;asa norte
1400;Kitnet;27;1;asa norte
550;Kitnet;40;1;taguatinga
2600;Apartamento;70;1;sudoeste
1900;Hotel-Flat;42;1;asa sul
1100;Kitnet;30;1;sudoeste
2100;Hotel-Flat;32;1;asa norte
1300;Kitnet;25;1;asa sul
1300;Kitnet;25;1;asa sul
650;Apartamento;50;1;areal
1000;Kitnet;30;1;sudoeste
950;Kitnet;27;1;asa norte
900;Kitnet;27;1;asa norte
650;Kitnet;30;1;aguas claras
700;Apartamento;32;1;vicente pires
2600;Hotel-Flat;32;1;asa norte
750;Kitnet;27;1;asa norte
630;Kitnet;21;1;asa norte
4500;Apartamento;88;1;noroeste
700;Apartamento;30;1;taguatinga
950;Apartamento;33;1;sudoeste
1680;Apartamento;33;1;asa norte
800;Apartamento;36;1;guara ii
1600;Apartamento;25;1;asa sul
990;Kitnet;30;1;sudoeste
1100;Kitnet;25;1;asa norte
350;Kitnet;23;1;nucleo bandeirante
1300;Kitnet;25;1;asa sul
750;Kitnet;29;1;asa norte
1300;Kitnet;25;1;asa sul
3500;Hotel-Flat;58;1;asa sul
1500;Hotel-Flat;30;1;asa norte
1000;Apartamento;30;1;asa norte
850;Kitnet;29;1;sudoeste
800;Kitnet;25;1;sudoeste
1200;Kitnet;30;1;cruzeiro
1000;Kitnet;30;1;asa norte
1400;Apartamento;27;1;sudoeste
1600;Apartamento;56;1;asa sul
700;Kitnet;25;1;asa norte
2500;Apartamento;81;1;jardim botanico
2500;Apartamento;64;1;asa sul
1200;Apartamento;40;1;aguas claras
2400;Hotel-Flat;32;1;asa norte
2500;Apartamento;37;1;asa norte
1400;Kitnet;40;1;sudoeste
1250;Apartamento;26;1;lago norte
1700;Hotel-Flat;27;1;asa norte
2400;Apartamento;42;1;asa sul
1500;Apartamento;33;1;noroeste
1120;Kitnet;30;1;sudoeste
2000;Apartamento;37;1;asa norte
850;Kitnet;41;1;asa norte
2140;Apartamento;26;1;asa norte
1400;Apartamento;48;1;lago norte
1600;Kitnet;26;1;asa sul
800;Kitnet;31;1;asa norte
800;Kitnet;28;1;lago norte
780;Apartamento;30;1;vicente pires
2300;Apartamento;31;1;sudoeste
890;Kitnet;25;1;sudoeste
1500;Kitnet;30;1;sudoeste
1000;Apartamento;35;1;asa norte
2400;Apartamento;30;1;asa norte
1500;Hotel-Flat;25;1;asa norte
2550;Apartamento;44;1;asa norte
1000;Apartamento;36;1;lago norte
2140;Apartamento;46;1;asa sul
1150;Apartamento;32;1;taguatinga
600;Kitnet;25;1;guara ii
650;Apartamento;21;1;asa sul
1200;Sala;17;1;asa sul
900;Kitnet;25;1;asa norte
400;Kitnet;30;1;nucleo bandeirante
1100;Kitnet;27;1;asa norte
2300;Hotel-Flat;48;1;asa sul
700;Apartamento;30;1;taguatinga
680;Kitnet;38;1;sudoeste
1200;Apartamento;31;1;aguas claras
1700;Apartamento;30;1;asa norte
1400;Apartamento;48;1;lago norte
1350;Apartamento;31;1;aguas claras
650;Kitnet;35;1;taguatinga
1800;Apartamento;50;1;asa norte
950;Kitnet;25;1;asa norte
1090;Kitnet;27;1;noroeste
680;Kitnet;11;1;aguas claras
1000;Kitnet;35;1;asa norte
1200;Kitnet;32;1;sudoeste
1000;Kitnet;30;1;sudoeste
2000;Apartamento;45;1;park sul
1550;Apartamento;40;1;lago norte
900;Kitnet;25;1;asa norte
700;Apartamento;35;1;guara i
1200;Apartamento;30;1;lago norte
1100;Kitnet;25;1;asa norte
1200;Apartamento;30;1;asa norte
2320;Hotel-Flat;37;1;asa norte
1300;Kitnet;32;1;asa sul
600;Kitnet;37;1;guara ii
1300;Apartamento;33;1;aguas claras
850;Apartamento;30;1;asa norte
1776;Apartamento;28;1;asa norte
480;Kitnet;24;1;nucleo bandeirante
1300;Kitnet;26;1;asa sul
650;Kitnet;28;1;sobradinho
1200;Kitnet;35;1;sudoeste
1500;Kitnet;40;1;sudoeste
600;Apartamento;43;1;samambaia
1100;Kitnet;41;1;asa norte
1650;Kitnet;34;1;asa norte
1070;Apartamento;34;1;aguas claras
1000;Apartamento;30;1;aguas claras
650;Kitnet;40;1;asa norte
650;Casa;35;1;taguatinga
650;Kitnet;28;1;sobradinho
800;Kitnet;25;1;asa norte
2450;Apartamento;53;1;asa norte
1550;Apartamento;39;1;aguas claras
850;Kitnet;30;1;asa norte
2600;Apartamento;60;1;lago norte
850;Kitnet;25;1;asa norte
800;Apartamento;32;1;asa norte
1600;Apartamento;32;1;lago norte
750;Kitnet;28;1;areal
800;Apartamento;30;1;guara ii
850;Kitnet;60;1;asa sul
1900;Apartamento;50;1;asa norte
3500;Apartamento;80;1;sudoeste
1000;Kitnet;25;1;sudoeste
1200;Kitnet;27;1;asa sul
700;Apartamento;35;1;nucleo bandeirante
780;Kitnet;30;1;asa norte
2600;Hotel-Flat;32;1;asa norte
750;Kitnet;30;1;sudoeste
1000;Apartamento;25;1;aguas claras
1800;Hotel-Flat;30;1;asa sul
1800;Lote;27;1;asa sul
1500;Apartamento;40;1;asa sul
1350;Kitnet;32;1;sudoeste
550;Kitnet;20;1;candangolandia
1850;Kitnet;30;1;cruzeiro
850;Apartamento;30;1;guara i
1100;Kitnet;30;1;sudoeste
1550;Apartamento;48;1;asa sul
1000;Apartamento;35;1;lago norte
900;Kitnet;27;1;asa norte
1250;Apartamento;30;1;aguas claras
800;Kitnet;33;1;guara i
550;Kitnet;26;1;ceilandia
800;Apartamento;30;1;guara ii
1400;Apartamento;32;1;aguas claras
2000;Hotel-Flat;33;1;asa norte
750;Kitnet;25;1;asa norte
900;Kitnet;24;1;sudoeste
750;Kitnet;22;1;asa norte
950;Apartamento;42;1;asa norte
1435;Kitnet;33;1;lucio costa
1250;Kitnet;35;1;aguas claras
850;Kitnet;30;1;asa norte
1600;Apartamento;38;1;noroeste
2500;Apartamento;48;1;asa sul
2000;Apartamento;35;1;park sul
950;Kitnet;24;1;sudoeste
1650;Kitnet;30;1;aguas claras
600;Apartamento;53;1;areal
450;Apartamento;28;1;riacho fundo
1100;Apartamento;30;1;asa norte
700;Kitnet;40;1;vicente pires
1700;Hotel-Flat;27;1;asa norte
2500;Apartamento;34;1;asa norte
1750;Apartamento;40;1;aguas claras
2100;Apartamento;42;1;guara ii
1400;Apartamento;35;1;aguas claras
700;Kitnet;30;1;asa norte
1500;Kitnet;25;1;asa sul
1080;Apartamento;36;1;asa norte
1300;Kitnet;25;1;sudoeste
1380;Kitnet;35;1;asa sul
1100;Apartamento;30;1;lago norte
920;Apartamento;39;1;asa norte
650;Kitnet;30;1;aguas claras
1100;Kitnet;28;1;sudoeste
1300;Kitnet;35;1;lago norte
600;Apartamento;40;1;paranoa
700;Kitnet;11;1;asa norte
1000;Kitnet;25;1;sudoeste
850;Kitnet;38;1;asa norte
1300;Apartamento;43;1;lago norte
950;Kitnet;30;1;sudoeste
1700;Casa;30;1;recanto das emas
1100;Apartamento;33;1;aguas claras
900;Casa;30;1;guara ii
950;Kitnet;30;1;aguas claras
1350;Kitnet;25;1;asa sul
750;Kitnet;20;1;asa norte
950;Casa;35;1;asa sul
1700;Apartamento;29;1;park sul
1000;Kitnet;25;1;sudoeste
1500;Apartamento;36;1;asa norte
900;Kitnet;25;1;asa sul
1400;Apartamento;38;1;aguas claras
2100;Hotel-Flat;48;1;asa norte
650;Hotel-Flat;22;1;taguatinga
1100;Kitnet;28;1;asa norte
1600;Apartamento;30;1;aguas claras
1450;Apartamento;28;1;asa norte
1700;Apartamento;45;1;taguatinga
1350;Apartamento;35;1;asa norte
2800;Hotel-Flat;31;1;asa norte
1500;Apartamento;44;1;aguas claras
650;Apartamento;33;1;vicente pires
2600;Hotel-Flat;32;1;asa norte
2500;Apartamento;41;1;sudoeste
800;Apartamento;24;1;lago norte
950;Kitnet;30;1;asa norte
950;Kitnet;25;1;asa norte
1200;Kitnet;25;1;asa sul
1030;Apartamento;31;1;samambaia
1300;Apartamento;26;1;asa sul
1100;Apartamento;32;1;asa norte
950;Kitnet;26;1;asa norte
400;Apartamento;30;1;ceilandia
1200;Kitnet;40;1;sudoeste
1270;Kitnet;46;1;asa sul
1100;Kitnet;30;1;sudoeste
1250;Kitnet;33;1;asa norte
2500;Apartamento;30;1;asa norte
1100;Kitnet;25;1;asa norte
1700;Hotel-Flat;38;1;asa norte
2600;Apartamento;60;1;lago norte
700;Apartamento;32;1;asa norte
480;Apartamento;24;1;nucleo bandeirante
1950;Apartamento;65;1;lago norte
1200;Kitnet;30;1;asa norte
1200;Kitnet;25;1;asa norte
1200;Apartamento;30;1;lago norte
900;Apartamento;28;1;asa norte
1300;Apartamento;44;1;aguas claras
1500;Hotel-Flat;27;1;asa norte
1650;Apartamento;30;1;asa norte
900;Sala;35;1;aguas claras
800;Apartamento;33;1;aguas claras
1100;Kitnet;30;1;sudoeste
800;Kitnet;27;1;asa norte
1700;Apartamento;27;1;sudoeste
1000;Kitnet;25;1;asa norte
980;Kitnet;40;1;asa norte
1100;Kitnet;28;1;sudoeste
950;Kitnet;32;1;sudoeste
750;Apartamento;30;1;guara ii
1400;Kitnet;25;1;asa sul
1200;Apartamento;41;1;aguas claras
950;Apartamento;38;1;guara ii
800;Apartamento;30;1;guara ii
850;Apartamento;30;1;asa norte
900;Apartamento;30;1;aguas claras
2300;Apartamento;48;1;asa sul
1100;Apartamento;30;1;lago norte
100;Hotel-Flat;30;1;asa norte
1200;Apartamento;30;1;lago norte
550;Kitnet;25;1;candangolandia
700;Kitnet;22;1;asa norte
1100;Apartamento;30;1;sudoeste
900;Apartamento;30;1;asa sul
1700;Apartamento;36;1;taguatinga
1100;Kitnet;23;1;asa norte
400;Kitnet;30;1;nucleo bandeirante
1200;Apartamento;30;1;lago norte
1800;Kitnet;40;1;lago norte
1000;Kitnet;28;1;lago norte
1950;Kitnet;65;1;lago norte
1390;Apartamento;34;1;asa norte
1500;Apartamento;37;1;aguas claras
900;Kitnet;30;1;asa norte
950;Apartamento;35;1;guara ii
700;Apartamento;40;1;lucio costa
850;Apartamento;29;1;asa norte
550;Kitnet;34;1;aguas claras
2000;Apartamento;45;1;noroeste
800;Apartamento;34;1;lago norte
750;Apartamento;48;1;guara ii
800;Kitnet;25;1;asa sul
1400;Kitnet;24;1;sudoeste
1800;Apartamento;27;1;park sul
500;Apartamento;50;1;ceilandia
1200;Kitnet;35;1;asa sul
1300;Kitnet;30;1;sudoeste
700;Kitnet;40;1;guara ii
2500;Hotel-Flat;22;1;asa norte
950;Kitnet;29;1;asa norte
1500;Apartamento;40;1;asa sul
3100;Hotel-Flat;41;1;asa sul
8000;Casa;400;1;park way
3799;Hotel-Flat;44;1;asa norte
950;Kitnet;30;1;sudoeste
1000;Kitnet;27;1;park sul
750;Apartamento;28;1;asa norte
780;Kitnet;33;1;aguas claras
1020;Kitnet;31;1;asa norte
1680;Apartamento;38;1;aguas claras
2600;Hotel-Flat;32;1;asa norte
850;Apartamento;29;1;sudoeste
800;Kitnet;48;1;asa norte
3200;Loja;25;1;aguas claras
950;Kitnet;27;1;asa sul
1300;Apartamento;36;1;riacho fundo
1000;Kitnet;39;1;sobradinho
1250;Apartamento;32;1;aguas claras
500;Kitnet;28;1;taguatinga
1300;Kitnet;25;1;asa sul
750;Kitnet;31;1;asa norte
1000;Kitnet;11;1;asa norte
1100;Kitnet;30;1;lago norte
1250;Kitnet;30;1;asa norte
1000;Sala;27;1;asa norte
920;Kitnet;39;1;asa norte
800;Apartamento;50;1;taguatinga
1962;Kitnet;45;1;lucio costa
1500;Kitnet;35;1;asa sul
780;Kitnet;27;1;asa norte
1050;Kitnet;38;1;sudoeste
1400;Apartamento;46;1;taguatinga
2200;Apartamento;48;1;asa sul
1971;Apartamento;27;1;asa norte
1100;Kitnet;28;1;asa norte
950;Kitnet;32;1;asa norte
1600;Apartamento;40;1;guara ii
1300;Apartamento;40;1;aguas claras
690;Kitnet;40;1;taguatinga
1000;Apartamento;45;1;asa norte
600;Kitnet;26;1;asa norte
950;Apartamento;34;1;sudoeste
1600;Kitnet;26;1;asa sul
1100;Loja;40;1;nucleo bandeirante
1000;Kitnet;26;1;asa sul
1190;Apartamento;42;1;lago norte
700;Kitnet;23;1;asa norte
1700;Hotel-Flat;40;1;sudoeste
1600;Kitnet;26;1;asa sul
500;Kitnet;13;1;areal
800;Kitnet;23;1;sudoeste
580;Kitnet;40;1;asa norte
2499;Hotel-Flat;29;1;asa norte
450;Kitnet;30;1;sobradinho
200;Garagem;12;1;sudoeste
1450;Apartamento;32;1;sudoeste
2200;Apartamento;40;1;sudoeste
941;Apartamento;35;1;lucio costa
1750;Apartamento;30;1;asa norte
1350;Apartamento;30;1;asa norte
1870;Apartamento;34;1;noroeste
1400;Kitnet;30;1;lago norte
900;Kitnet;26;1;asa norte
650;Kitnet;28;1;asa norte
850;Apartamento;30;1;guara ii
900;Kitnet;26;1;park sul
1050;Kitnet;27;1;asa norte
1000;Kitnet;30;1;asa norte
1400;Apartamento;39;1;aguas claras
800;Kitnet;33;1;lago norte
1200;Apartamento;30;1;lago norte
1300;Apartamento;25;1;asa sul
740;Apartamento;27;1;jardim botanico
450;Sala;25;1;nucleo bandeirante
3650;Apartamento;26;1;sudoeste
1900;Hotel-Flat;30;1;asa norte
750;Kitnet;35;1;lago norte
900;Apartamento;48;1;asa norte
1000;Apartamento;30;1;aguas claras
1100;Apartamento;40;1;aguas claras
990;Apartamento;30;1;asa norte
800;Kitnet;28;1;asa norte
1050;Apartamento;36;1;aguas claras
4000;Apartamento;55;1;asa sul
1050;Apartamento;32;1;taguatinga
1100;Kitnet;28;1;cruzeiro
1000;Kitnet;30;1;asa norte
2300;Casa;72;1;lago norte
900;Kitnet;30;1;lago norte
700;Kitnet;28;1;lago sul
1100;Kitnet;30;1;sudoeste
1100;Kitnet;30;1;asa norte
4000;Apartamento;40;1;asa sul
3200;Apartamento;45;1;asa sul
2700;Apartamento;30;1;park sul
900;Kitnet;28;1;aguas claras
2800;Hotel-Flat;85;1;asa sul
4500;Hotel-Flat;60;1;asa sul
850;Apartamento;40;1;nucleo bandeirante
800;Kitnet;24;1;sudoeste
1000;Kitnet;37;1;sudoeste
900;Kitnet;25;1;sudoeste
950;Apartamento;30;1;guara i
3300;Apartamento;51;1;asa norte
1000;Kitnet;32;1;sudoeste
1300;Apartamento;36;1;asa norte
3000;Apartamento;62;1;park sul
680;Apartamento;37;1;aguas claras
850;Apartamento;44;1;vicente pires
3500;Apartamento;80;1;sudoeste
1300;Apartamento;33;1;asa norte
800;Kitnet;28;1;cruzeiro
750;Apartamento;55;1;taguatinga
1000;Kitnet;30;1;sudoeste
850;Casa;50;1;candangolandia
1000;Kitnet;30;1;aguas claras
2200;Apartamento;35;1;noroeste
1100;Apartamento;27;1;sudoeste
148000;Kitnet;23;1;aguas claras
1000;Apartamento;47;1;aguas claras
1200;Apartamento;30;1;asa norte
4500;Hotel-Flat;65;1;asa sul
700;Kitnet;32;1;asa norte
1550;Apartamento;34;1;lago norte
1200;Apartamento;50;1;asa norte
850;Kitnet;27;1;sudoeste
2100;Hotel-Flat;36;1;asa norte
1400;Apartamento;35;1;areal
1100;Apartamento;35;1;aguas claras
1350;Apartamento;45;1;lago norte
1200;Apartamento;42;1;aguas claras
4500;Hotel-Flat;64;1;asa sul
700;Apartamento;47;1;ceilandia
1600;Apartamento;32;1;aguas claras
950;Kitnet;25;1;asa norte
2700;Apartamento;49;1;asa sul
2550;Apartamento;36;1;asa norte
955;Kitnet;30;1;aguas claras
2920;Hotel-Flat;28;1;asa norte
1000;Kitnet;26;1;asa norte
1100;Kitnet;30;1;cruzeiro
2300;Apartamento;70;1;sudoeste
3500;Apartamento;82;1;sudoeste
1100;Kitnet;32;1;asa norte
1200;Kitnet;30;1;sudoeste
850;Kitnet;35;1;sudoeste
1200;Apartamento;40;1;aguas claras
1100;Kitnet;25;1;sudoeste
1200;Apartamento;42;1;aguas claras
1350;Apartamento;40;1;asa norte
2150;Kitnet;28;1;sudoeste
2100;Apartamento;47;1;noroeste
4600;Hotel-Flat;50;1;asa sul
1200;Apartamento;28;1;lago norte
840;Apartamento;45;1;samambaia
2800;Apartamento;40;1;asa norte
1400;Apartamento;31;1;asa norte
1200;Apartamento;34;1;aguas claras
1900;Apartamento;32;1;asa norte
500;Apartamento;36;1;samambaia
3500;Casa;200;1;samambaia
950;Kitnet;35;1;lago norte
900;Apartamento;35;1;aguas claras
2700;Hotel-Flat;30;1;asa norte
1100;Apartamento;26;1;sudoeste
2700;Apartamento;50;1;asa norte
800;Kitnet;30;1;asa norte
1700;Apartamento;40;1;asa sul
820;Apartamento;43;1;asa norte
1400;Apartamento;45;1;asa norte
750;Kitnet;27;1;sudoeste
1200;Kitnet;27;1;sudoeste
980;Apartamento;37;1;asa sul
2000;Apartamento;27;1;park sul
990;Kitnet;25;1;sudoeste
3400;Hotel-Flat;34;1;asa sul
850;Kitnet;30;1;asa norte
1600;Kitnet;49;1;asa norte
1250;Apartamento;34;1;aguas claras
1000;Kitnet;27;1;asa norte
750;Kitnet;33;1;asa norte
2300;Apartamento;40;1;asa norte
1700;Apartamento;34;1;aguas claras
750;Kitnet;26;1;sudoeste
750;Apartamento;35;1;taguatinga
1250;Apartamento;34;1;asa sul
2700;Hotel-Flat;31;1;asa norte
1500;Apartamento;36;1;aguas claras
1380;Apartamento;30;1;aguas claras
1800;Apartamento;35;1;asa sul
2300;Hotel-Flat;28;1;asa norte
1600;Apartamento;35;1;asa norte
2300;Hotel-Flat;33;1;asa norte
1950;Apartamento;60;1;aguas claras
650;Kitnet;25;1;asa norte
2400;Hotel-Flat;33;1;asa norte
900;Kitnet;34;1;sudoeste
980;Kitnet;30;1;asa norte
1000;Kitnet;23;1;sudoeste
1950;Apartamento;58;1;lago norte
2200;Apartamento;45;1;asa norte
1000;Kitnet;28;1;asa norte
1000;Kitnet;36;1;octogonal
950;Kitnet;32;1;asa norte
1000;Apartamento;36;1;octogonal
2200;Apartamento;40;1;asa norte
1300;Apartamento;40;1;asa norte
1150;Apartamento;33;1;asa sul
1800;Apartamento;35;1;asa norte
1400;Apartamento;35;1;lago norte
2000;Apartamento;40;1;sudoeste
850;Casa;48;1;candangolandia
2300;Apartamento;60;1;sudoeste
1100;Kitnet;30;1;asa norte
500;Kitnet;35;1;samambaia
2500;Apartamento;28;1;asa norte
3400;Apartamento;53;1;asa norte
1900;Apartamento;32;1;asa norte
1200;Apartamento;40;1;guara ii
1200;Apartamento;35;1;aguas claras
1300;Kitnet;32;1;asa norte
1800;Apartamento;28;1;asa norte
450;Apartamento;25;1;ceilandia
600;Apartamento;25;1;taguatinga
800;Kitnet;30;1;asa norte
1000;Kitnet;30;1;asa norte
1200;Apartamento;39;1;aguas claras
2600;Hotel-Flat;24;1;asa norte
1500;Apartamento;43;1;lago norte
550;Apartamento;40;1;samambaia
700;Kitnet;33;1;asa norte
1400;Kitnet;29;1;asa sul
1800;Apartamento;28;1;asa norte
2600;Hotel-Flat;24;1;asa norte
1800;Kitnet;28;1;asa norte
1500;Apartamento;35;1;aguas claras
2300;Apartamento;60;1;lago norte
1000;Apartamento;37;1;aguas claras
3100;Apartamento;48;1;asa sul
960;Apartamento;55;1;asa norte
850;Kitnet;38;1;guara ii
900;Kitnet;29;1;asa norte
1250;Apartamento;35;1;asa sul
600;Casa;40;1;ceilandia
1200;Kitnet;45;1;asa norte
700;Kitnet;29;1;asa norte
1500;Apartamento;35;1;aguas claras
1000;Kitnet;38;1;sudoeste
850;Kitnet;26;1;asa norte
700;Kitnet;30;1;asa norte
1100;Apartamento;33;1;aguas claras
500;Apartamento;40;1;nucleo bandeirante
1150;Kitnet;32;1;asa norte
1800;Apartamento;30;1;park sul
800;Kitnet;35;1;guara ii
1900;Apartamento;30;1;park sul
980;Kitnet;30;1;sudoeste
750;Kitnet;30;1;asa sul
850;Apartamento;36;1;lucio costa
680;Kitnet;28;1;asa norte
3650;Kitnet;26;1;sudoeste
600;Kitnet;27;1;aguas claras
2400;Hotel-Flat;52;1;asa norte
1450;Apartamento;44;1;lago norte
1300;Apartamento;47;1;lago norte
800;Apartamento;33;1;taguatinga
850;Kitnet;30;1;asa norte
1300;Apartamento;37;1;asa norte
700;Kitnet;28;1;guara i
800;Kitnet;35;1;sudoeste
1150;Apartamento;30;1;sudoeste
850;Kitnet;30;1;asa norte
800;Apartamento;40;1;nucleo bandeirante
1080;Kitnet;27;1;asa norte
1100;Kitnet;22;1;asa norte
1200;Apartamento;36;1;taguatinga
1100;Kitnet;34;1;asa norte
1100;Apartamento;38;1;taguatinga
1500;Apartamento;30;1;asa norte
1000;Apartamento;39;1;aguas claras
1800;Apartamento;27;1;park sul
1150;Kitnet;30;1;asa norte
3300;Apartamento;48;1;asa sul
1500;Apartamento;34;1;aguas claras
800;Kitnet;40;1;cruzeiro
900;Kitnet;30;1;sudoeste
1600;Apartamento;42;1;asa norte
1500;Apartamento;35;1;noroeste
600;Apartamento;49;1;paranoa
2600;Hotel-Flat;52;1;asa norte
2000;Kitnet;30;1;noroeste
1100;Casa;29;1;asa sul
1150;Kitnet;35;1;sudoeste
1000;Kitnet;42;1;asa norte
2450;Hotel-Flat;51;1;asa norte
1100;Kitnet;30;1;asa norte
2000;Hotel-Flat;32;1;asa norte
500;Kitnet;25;1;ceilandia
1350;Apartamento;35;1;noroeste
1090;Kitnet;30;1;asa norte
2650;Hotel-Flat;39;1;asa norte
500;Kitnet;25;1;ceilandia
1000;Apartamento;38;1;riacho fundo
4200;Apartamento;48;1;asa norte
650;Apartamento;30;1;ceilandia
1200;Apartamento;33;1;asa norte
1300;Kitnet;24;1;sudoeste
800;Apartamento;37;1;taguatinga
680;Apartamento;30;1;taguatinga
2300;Apartamento;31;1;noroeste
750;Kitnet;28;1;guara i
1000;Apartamento;30;1;asa norte
1150;Kitnet;37;1;asa norte
1200;Apartamento;30;1;asa norte
1000;Kitnet;30;1;asa norte
900;Kitnet;28;1;asa norte
850;Kitnet;25;1;sudoeste
650;Apartamento;40;1;nucleo bandeirante
1200;Apartamento;41;1;aguas claras
2400;Apartamento;38;1;asa sul
2300;Apartamento;30;1;asa sul
1000;Apartamento;37;1;asa norte
1000;Kitnet;35;1;aguas claras
1000;Apartamento;35;1;aguas claras
1150;Kitnet;34;1;asa norte
1000;Kitnet;33;1;lago norte
850;Apartamento;33;1;sudoeste
950;Kitnet;27;1;asa norte
1800;Kitnet;40;1;sudoeste
2680;Hotel-Flat;35;1;asa norte
2100;Hotel-Flat;27;1;asa norte
2100;Hotel-Flat;27;1;asa norte
1000;Kitnet;35;1;sudoeste
1100;Kitnet;25;1;asa norte
1100;Kitnet;30;1;asa norte
990;Kitnet;38;1;asa norte
1850;Apartamento;32;1;noroeste
500;Apartamento;40;1;samambaia
1300;Apartamento;46;1;asa norte
1000;Apartamento;38;1;vicente pires
800;Kitnet;25;1;asa norte
1200;Apartamento;40;1;asa norte
2100;Hotel-Flat;27;1;asa norte
2100;Hotel-Flat;0;1;asa norte
2300;Hotel-Flat;30;1;asa norte
400;Apartamento;18;1;aguas claras
1800;Apartamento;30;1;park sul
1700;Apartamento;33;1;noroeste
1200;Apartamento;31;1;aguas claras
1200;Apartamento;33;1;taguatinga
2500;Apartamento;37;1;asa norte
900;Kitnet;27;1;asa norte
600;Casa;45;1;recanto das emas
800;Apartamento;30;1;asa norte
900;Kitnet;30;1;sudoeste
1050;Kitnet;24;1;asa norte
1090;Apartamento;30;1;aguas claras
2700;Hotel-Flat;44;1;asa norte
650;Apartamento;50;1;riacho fundo
700;Kitnet;30;1;lago norte
650;Apartamento;50;1;riacho fundo
2100;Apartamento;66;1;lago norte
1550;Kitnet;30;1;asa norte
750;Apartamento;34;1;riacho fundo
450;Apartamento;25;1;taguatinga
950;Kitnet;33;1;asa norte
1100;Apartamento;36;1;asa norte
900;Kitnet;32;1;cruzeiro
1100;Kitnet;42;1;sudoeste
980;Kitnet;30;1;asa norte
430;Kitnet;35;1;taguatinga
430;Kitnet;35;1;taguatinga
1100;Apartamento;23;1;asa norte
3650;Hotel-Flat;51;1;asa sul
1100;Kitnet;28;1;asa norte
850;Apartamento;37;1;samambaia
1100;Kitnet;42;1;sudoeste
700;Kitnet;30;1;asa norte
1250;Apartamento;35;1;aguas claras
600;Hotel-Flat;51;1;asa norte
1200;Apartamento;30;1;asa norte
580;Kitnet;30;1;areal
400;Casa;30;1;samambaia
1200;Apartamento;33;1;aguas claras
450;Apartamento;30;1;taguatinga
1500;Apartamento;39;1;aguas claras
1300;Apartamento;42;1;aguas claras
450;Casa;40;1;samambaia
1600;Apartamento;30;1;sudoeste
550;Apartamento;35;1;samambaia
375;Kitnet;1;1;ceilandia
450;Apartamento;35;1;taguatinga
395;Kitnet;45;1;ceilandia
700;Kitnet;30;1;lago norte
750;Apartamento;41;1;areal
1150;Apartamento;30;1;riacho fundo
1150;Apartamento;30;1;riacho fundo
1150;Apartamento;30;1;riacho fundo
1050;Apartamento;30;1;riacho fundo
1350;Kitnet;35;1;asa norte
900;Kitnet;30;1;sudoeste
850;Apartamento;32;1;sudoeste
850;Kitnet;30;1;lago norte
1150;Kitnet;27;1;asa norte
1000;Apartamento;40;1;asa norte
750;Casa;55;1;nucleo bandeirante
700;Kitnet;33;1;asa norte
650;Apartamento;24;1;samambaia
750;Apartamento;30;1;samambaia
3500;Apartamento;37;1;asa norte
450;Apartamento;35;1;taguatinga
1300;Apartamento;80;1;taguatinga
850;Kitnet;26;1;asa norte
1100;Kitnet;28;1;asa norte
1100;Apartamento;28;1;asa norte
580;Kitnet;34;1;vicente pires
1600;Apartamento;32;1;sudoeste
1200;Apartamento;37;1;park sul
1600;Hotel-Flat;30;1;sudoeste
1350;Kitnet;52;1;sudoeste
1800;Apartamento;27;1;asa norte
3950;Casa;80;1;jardim botanico
600;Apartamento;37;1;sobradinho
900;Kitnet;27;1;asa norte
1000;Apartamento;35;1;asa norte
980;Kitnet;24;1;sudoeste
350;Casa;40;1;taguatinga
800;Kitnet;25;1;asa norte
2100;Apartamento;38;1;asa norte
950;Apartamento;32;1;lago norte
1200;Hotel-Flat;36;1;asa norte
900;Kitnet;26;1;asa sul
1000;Apartamento;48;1;samambaia
650;Kitnet;40;1;taguatinga
850;Kitnet;27;1;asa sul
980;Apartamento;34;1;lago norte
850;Kitnet;26;1;asa norte
850;Kitnet;26;1;asa norte
850;Apartamento;26;1;asa norte
800;Kitnet;34;1;asa norte
900;Kitnet;30;1;sudoeste
900;Apartamento;30;1;sudoeste
700;Apartamento;30;1;ceilandia
6000;Rural;2,00;1;jardim botanico
1500;Apartamento;28;1;asa norte
950;Kitnet;28;1;asa norte
1000;Kitnet;30;1;sudoeste
700;Kitnet;35;1;asa norte
1200;Hotel-Flat;40;1;asa norte
2200;Apartamento;30;1;asa norte
1100;Apartamento;30;1;asa norte
750;Kitnet;24;1;lago sul
550;Apartamento;40;1;nucleo bandeirante
900;Apartamento;33;1;aguas claras
1100;Apartamento;40;1;aguas claras
1100;Kitnet;40;1;asa norte
600;Apartamento;40;1;nucleo bandeirante
1700;Apartamento;30;1;lago norte
1007;Apartamento;29;1;asa norte
1800;Apartamento;35;1;asa sul
1400;Apartamento;32;1;lago norte
1000;Kitnet;34;1;asa norte
650;Apartamento;40;1;guara ii
950;Kitnet;30;1;lago norte
800;Kitnet;27;1;lago sul
600;Apartamento;35;1;aguas claras
1000;Kitnet;32;1;sudoeste
1000;Kitnet;29;1;sudoeste
3500;Apartamento;109;1;asa norte
1100;Kitnet;30;1;asa sul
900;Apartamento;54;1;sobradinho
900;Kitnet;28;1;sudoeste
1600;Apartamento;32;1;sudoeste
1200;Kitnet;40;1;asa norte
1050;Apartamento;35;1;asa norte
950;Kitnet;27;1;asa norte
1000;Apartamento;30;1;asa norte
850;Apartamento;35;1;asa norte
850;Kitnet;21;1;asa norte
900;Kitnet;26;1;asa sul
1600;Apartamento;30;1;lago norte
850;Apartamento;42;1;vicente pires
800;Apartamento;56;1;vicente pires
0;Apartamento;100;1;taguatinga
1400;Kitnet;32;1;lago norte
750;Kitnet;28;1;sudoeste
750;Apartamento;28;1;sudoeste
1200;Kitnet;40;1;lago norte
660;Apartamento;50;1;ceilandia
1000;Kitnet;30;1;sudoeste
590;Apartamento;23;1;asa norte
664;Kitnet;26;1;asa norte
550;Apartamento;40;1;recanto das emas
1000;Kitnet;35;1;asa norte
1801;Apartamento;30;1;park sul
900;Kitnet;25;1;asa norte
580;Kitnet;30;1;nucleo bandeirante
1000;Kitnet;36;1;aguas claras
1000;Apartamento;36;1;aguas claras
1500;Kitnet;28;1;sudoeste
1500;Apartamento;28;1;sudoeste
600;Apartamento;38;1;taguatinga
990;Apartamento;34;1;aguas claras
600;Casa;40;1;taguatinga
800;Kitnet;35;1;asa norte
1250;Apartamento;28;1;sudoeste
1500;Hotel-Flat;28;1;asa norte
664;Kitnet;26;1;asa norte
1850;Apartamento;52;1;lago norte
1600;Apartamento;32;1;lago norte
1800;Apartamento;32;1;sudoeste
1600;Apartamento;30;1;lago norte
1500;Apartamento;35;1;aguas claras
1100;Apartamento;28;1;asa norte
1000;Apartamento;32;1;asa norte
3600;Hotel-Flat;37;1;asa norte
1200;Kitnet;27;1;sudoeste
750;Kitnet;30;1;sudoeste
670;Kitnet;25;1;aguas claras
500;Kitnet;36;1;asa norte
1700;Apartamento;25;1;asa norte
750;Kitnet;30;1;sudoeste
750;Apartamento;30;1;sudoeste
1700;Kitnet;25;1;asa norte
670;Apartamento;30;1;ceilandia
750;Kitnet;25;1;sudoeste
1950;Apartamento;26;1;park sul
1700;Apartamento;25;1;asa norte
1700;Kitnet;28;1;sudoeste
1500;Kitnet;40;1;aguas claras
1600;Kitnet;30;1;sudoeste
1600;Kitnet;28;1;asa norte
500;Apartamento;35;1;nucleo bandeirante
1100;Apartamento;28;1;park sul
500;Apartamento;40;1;nucleo bandeirante
1600;Apartamento;28;1;sudoeste
1600;Apartamento;28;1;sudoeste
2900;Apartamento;40;1;asa norte
2400;Apartamento;30;1;asa norte
1600;Apartamento;30;1;sudoeste
1600;Apartamento;30;1;lago norte
1500;Apartamento;32;1;aguas claras
1500;Kitnet;32;1;aguas claras
2400;Kitnet;30;1;asa norte
2400;Apartamento;30;1;asa norte
1500;Apartamento;40;1;aguas claras
1600;Apartamento;41;1;aguas claras
1500;Kitnet;34;1;aguas claras
1500;Apartamento;34;1;aguas claras
950;Kitnet;30;1;asa sul
1500;Apartamento;34;1;aguas claras
1600;Apartamento;30;1;lago norte
1600;Kitnet;30;1;lago norte
500;Apartamento;40;1;recanto das emas
2100;Apartamento;28;1;asa norte
1700;Apartamento;28;1;sudoeste
1600;Apartamento;28;1;asa norte
1600;Apartamento;30;1;sudoeste
1500;Apartamento;40;1;aguas claras
1600;Apartamento;30;1;lago norte
1600;Kitnet;30;1;lago norte
1500;Kitnet;32;1;aguas claras
2500;Hotel-Flat;32;1;asa norte
2900;Apartamento;40;1;asa norte
1500;Kitnet;30;1;sudoeste
1500;Kitnet;40;1;aguas claras
2100;Apartamento;28;1;asa norte
1500;Apartamento;32;1;sudoeste
1700;Kitnet;40;1;aguas claras
1500;Apartamento;32;1;aguas claras
1700;Apartamento;40;1;aguas claras
1500;Apartamento;32;1;lago norte
1500;Kitnet;32;1;lago norte
1800;Apartamento;60;1;noroeste
1600;Apartamento;42;1;lago norte
1000;Kitnet;24;1;lago norte
700;Apartamento;50;1;vicente pires
700;Casa;45;1;ceilandia
3500;Apartamento;54;1;asa norte
1100;Apartamento;45;1;asa norte
550;Apartamento;45;1;recanto das emas
900;Kitnet;36;1;asa norte
900;Kitnet;38;1;asa norte
600;Kitnet;30;1;asa norte
1290;Apartamento;45;1;aguas claras
3500;Casa;2000;1;lago norte
950;Kitnet;25;1;asa norte
1450;Kitnet;27;1;sudoeste
1250;Apartamento;33;1;aguas claras
590;Kitnet;25;1;nucleo bandeirante
900;Kitnet;32;1;asa norte
700;Apartamento;30;1;asa norte
10000;Apartamento;138;2;sudoeste
3500;Casa;113;2;asa sul
1350;Casa;74;2;aguas claras
2600;Apartamento;68;2;octogonal
4400;Apartamento;139;2;sudoeste
2100;Apartamento;57;2;guara ii
4400;Apartamento;80;2;asa norte
2000;Apartamento;68;2;aguas claras
1800;Apartamento;51;2;sudoeste
1200;Apartamento;60;2;taguatinga
1800;Apartamento;50;2;asa norte
980;Apartamento;46;2;samambaia
2800;Apartamento;93;2;asa sul
1850;Apartamento;55;2;guara ii
1100;Apartamento;75;2;recanto das emas
899;Casa;70;2;samambaia
1250;Apartamento;55;2;ceilandia
2700;Apartamento;63;2;octogonal
4000;Apartamento;73;2;asa norte
21500;Loja;550;2;jardim botanico
1200;Apartamento;71;2;gama
950;Apartamento;90;2;samambaia
1650;Apartamento;60;2;asa sul
650;Apartamento;54;2;samambaia
1100;Apartamento;38;2;guara ii
7500;Apartamento;96;2;asa norte
900;Apartamento;45;2;guara ii
1000;Casa;90;2;paranoa
2500;Apartamento;70;2;octogonal
1100;Apartamento;38;2;guara ii
2000;Apartamento;65;2;sudoeste
2800;Apartamento;69;2;aguas claras
1200;Apartamento;55;2;taguatinga
3000;Apartamento;75;2;asa sul
1200;Apartamento;70;2;guara ii
950;Apartamento;48;2;riacho fundo
1400;Apartamento;83;2;taguatinga
750;Apartamento;40;2;taguatinga
1300;Apartamento;80;2;lucio costa
750;Apartamento;40;2;jardim botanico
750;Apartamento;55;2;samambaia
1950;Apartamento;60;2;sudoeste
5500;Apartamento;63;2;asa norte
1500;Apartamento;60;2;asa sul
800;Apartamento;53;2;taguatinga
1800;Casa;96;2;guara i
900;Apartamento;105;2;taguatinga
1800;Apartamento;65;2;asa norte
800;Apartamento;50;2;areal
1700;Apartamento;56;2;aguas claras
2450;Apartamento;75;2;asa norte
430;Apartamento;60;2;gama
850;Apartamento;45;2;taguatinga
2300;Apartamento;94;2;aguas claras
850;Apartamento;54;2;nucleo bandeirante
3700;Apartamento;90;2;sudoeste
5500;Casa;700;2;jardim botanico
2600;Apartamento;66;2;octogonal
1150;Apartamento;52;2;asa norte
1600;Apartamento;64;2;cruzeiro
1850;Apartamento;66;2;asa norte
700;Casa;150;2;ceilandia
600;Apartamento;50;2;paranoa
1700;Casa;60;2;guara i
1000;Apartamento;70;2;taguatinga
1000;Casa;128;2;paranoa
900;Apartamento;45;2;taguatinga
900;Casa;70;2;taguatinga
1300;Apartamento;52;2;taguatinga
2000;Apartamento;60;2;sudoeste
1200;Apartamento;50;2;mangueiral
2300;Apartamento;60;2;sudoeste
1100;Apartamento;44;2;samambaia
1680;Apartamento;52;2;asa sul
5000;Apartamento;146;2;asa sul
1100;Casa;45;2;jardim botanico
1200;Apartamento;55;2;taguatinga
1300;Apartamento;50;2;mangueiral
1020;Apartamento;45;2;samambaia
2950;Casa;200;2;jardim botanico
900;Apartamento;54;2;aguas claras
5500;Apartamento;158;2;asa norte
13000;Casa;359;2;lago sul
1500;Apartamento;55;2;cruzeiro
2000;Apartamento;50;2;lago norte
1000;Apartamento;54;2;taguatinga
900;Casa;60;2;recanto das emas
1500;Apartamento;42;2;mangueiral
950;Apartamento;57;2;ceilandia
1450;Apartamento;43;2;cruzeiro
850;Apartamento;60;2;vicente pires
1200;Apartamento;60;2;taguatinga
3200;Apartamento;65;2;sudoeste
800;Casa;65;2;santa maria
1590;Apartamento;69;2;aguas claras
1300;Apartamento;60;2;guara ii
1500;Apartamento;48;2;aguas claras
1100;Casa;70;2;taguatinga
2200;Apartamento;62;2;guara ii
1300;Apartamento;53;2;candangolandia
1200;Apartamento;50;2;mangueiral
600;Casa;75;2;santa maria
2200;Apartamento;70;2;asa sul
3000;Apartamento;60;2;lago norte
1200;Apartamento;60;2;candangolandia
1500;Apartamento;67;2;taguatinga
1000;Apartamento;68;2;gama
1000;Casa;70;2;guara i
800;Casa;70;2;gama
1000;Apartamento;60;2;vicente pires
1100;Apartamento;51;2;cruzeiro
2000;Apartamento;60;2;aguas claras
1850;Apartamento;55;2;cruzeiro
1000;Casa;49;2;taguatinga
900;Casa;70;2;taguatinga
3100;Apartamento;74;2;asa norte
2400;Apartamento;80;2;aguas claras
950;Apartamento;64;2;nucleo bandeirante
900;Apartamento;65;2;taguatinga
850;Apartamento;70;2;taguatinga
1300;Apartamento;65;2;taguatinga
1900;Apartamento;70;2;guara ii
2050;Apartamento;61;2;asa norte
3000;Apartamento;75;2;sudoeste
2000;Apartamento;85;2;aguas claras
900;Apartamento;42;2;samambaia
10000;Apartamento;340;2;asa sul
2400;Apartamento;68;2;asa norte
1000;Apartamento;52;2;nucleo bandeirante
1300;Apartamento;50;2;mangueiral
2790;Apartamento;61;2;sudoeste
1800;Apartamento;50;2;aguas claras
850;Apartamento;55;2;vicente pires
1000;Apartamento;62;2;taguatinga
2000;Apartamento;73;2;guara ii
900;Apartamento;48;2;guara ii
1400;Apartamento;50;2;guara ii
2800;Apartamento;72;2;sudoeste
1700;Apartamento;43;2;aguas claras
1600;Apartamento;68;2;asa sul
1100;Casa;130;2;samambaia
1700;Apartamento;50;2;mangueiral
850;Apartamento;60;2;areal
1400;Apartamento;52;2;guara ii
1050;Apartamento;61;2;ceilandia
1700;Apartamento;57;2;cruzeiro
2900;Apartamento;60;2;sudoeste
650;Apartamento;60;2;riacho fundo
3000;Apartamento;75;2;sudoeste
600;Apartamento;45;2;samambaia
1300;Apartamento;51;2;samambaia
800;Apartamento;60;2;nucleo bandeirante
900;Apartamento;57;2;taguatinga
850;Apartamento;50;2;taguatinga
1950;Apartamento;56;2;sudoeste
1000;Casa;50;2;taguatinga
1900;Apartamento;68;2;aguas claras
800;Apartamento;58;2;taguatinga
2850;Apartamento;70;2;aguas claras
1100;Sala;28;2;asa norte
1375;Apartamento;85;2;guara i
1500;Apartamento;57;2;mangueiral
1600;Apartamento;55;2;asa sul
2450;Apartamento;75;2;asa sul
3500;Apartamento;85;2;asa sul
4000;Apartamento;90;2;asa sul
2850;Apartamento;66;2;asa sul
3300;Apartamento;108;2;asa sul
750;Apartamento;60;2;taguatinga
1050;Apartamento;80;2;gama
1100;Apartamento;1;2;mangueiral
1300;Apartamento;60;2;aguas claras
1000;Apartamento;70;2;santa maria
2100;Apartamento;58;2;asa sul
950;Apartamento;44;2;taguatinga
2300;Apartamento;56;2;aguas claras
3000;Apartamento;75;2;sudoeste
1000;Apartamento;75;2;taguatinga
1200;Casa;50;2;taguatinga
1100;Apartamento;51;2;cruzeiro
840;Apartamento;52;2;samambaia
800;Apartamento;60;2;nucleo bandeirante
650;Apartamento;40;2;ceilandia
1300;Apartamento;41;2;guara ii
750;Apartamento;45;2;ceilandia
1200;Apartamento;62;2;ceilandia
800;Casa;90;2;ceilandia
800;Apartamento;53;2;samambaia
840;Apartamento;50;2;guara ii
179000;Apartamento;70;2;samambaia
2450;Apartamento;64;2;asa sul
900;Apartamento;60;2;guara ii
800;Apartamento;52;2;samambaia
3000;Apartamento;75;2;asa sul
2200;Apartamento;38;2;sudoeste
1000;Apartamento;45;2;sobradinho
800;Apartamento;51;2;samambaia
1100;Apartamento;50;2;mangueiral
1600;Apartamento;60;2;sudoeste
1450;Apartamento;45;2;aguas claras
1100;Apartamento;60;2;lucio costa
800;Apartamento;60;2;nucleo bandeirante
1800;Apartamento;55;2;asa sul
2500;Apartamento;60;2;aguas claras
1200;Apartamento;45;2;aguas claras
1200;Apartamento;86;2;guara i
2000;Apartamento;60;2;sudoeste
1000;Apartamento;51;2;taguatinga
1200;Apartamento;39;2;aguas claras
1700;Apartamento;65;2;asa norte
1400;Apartamento;56;2;aguas claras
2100;Apartamento;64;2;guara ii
2800;Apartamento;71;2;asa norte
1800;Apartamento;59;2;asa norte
1650;Apartamento;42;2;asa norte
2600;Apartamento;64;2;asa norte
2100;Apartamento;60;2;lago norte
2000;Apartamento;52;2;aguas claras
700;Apartamento;45;2;samambaia
2000;Apartamento;83;2;asa norte
900;Casa;120;2;riacho fundo
650;Apartamento;45;2;samambaia
1100;Apartamento;55;2;taguatinga
1000;Apartamento;50;2;guara i
2500;Apartamento;55;2;aguas claras
10000;Apartamento;130;2;lago sul
2200;Apartamento;52;2;asa norte
1400;Apartamento;50;2;mangueiral
1100;Apartamento;59;2;samambaia
2500;Casa;116;2;jardim botanico
1200;Apartamento;59;2;samambaia
1800;Apartamento;80;2;aguas claras
1400;Apartamento;55;2;asa norte
1300;Apartamento;40;2;jardim botanico
1100;Casa;80;2;samambaia
950;Apartamento;62;2;taguatinga
670;Casa;45;2;ceilandia
2500;Apartamento;60;2;sudoeste
950;Casa;60;2;areal
1400;Apartamento;58;2;asa norte
1800;Apartamento;60;2;aguas claras
950;Apartamento;55;2;taguatinga
550;Apartamento;60;2;ceilandia
800;Apartamento;60;2;nucleo bandeirante
700;Apartamento;65;2;taguatinga
4000;Apartamento;75;2;park sul
750;Apartamento;48;2;samambaia
1100;Apartamento;48;2;taguatinga
1000;Apartamento;52;2;areal
2800;Apartamento;72;2;asa norte
980;Apartamento;52;2;aguas claras
1100;Apartamento;75;2;aguas claras
1000;Apartamento;60;2;sobradinho
3300;Apartamento;109;2;aguas claras
1300;Apartamento;43;2;taguatinga
1150;Apartamento;75;2;aguas claras
3200;Apartamento;70;2;asa norte
1300;Apartamento;42;2;guara i
1000;Casa;70;2;sobradinho
1450;Apartamento;55;2;guara ii
1000;Apartamento;62;2;taguatinga
2300;Apartamento;58;2;asa sul
700;Apartamento;68;2;taguatinga
3300;Apartamento;68;2;park sul
1300;Apartamento;40;2;cruzeiro
950;Apartamento;63;2;taguatinga
500;Apartamento;40;2;samambaia
1500;Apartamento;58;2;guara ii
950;Apartamento;60;2;nucleo bandeirante
1000;Apartamento;60;2;taguatinga
2100;Apartamento;62;2;guara ii
700;Apartamento;51;2;taguatinga
14000;Loja;430;2;taguatinga
1300;Apartamento;50;2;mangueiral
650;Apartamento;50;2;recanto das emas
700;Apartamento;58;2;taguatinga
1600;Apartamento;44;2;sudoeste
900;Apartamento;60;2;sobradinho
1400;Apartamento;50;2;mangueiral
1900;Apartamento;48;2;asa norte
1500;Apartamento;57;2;guara ii
1200;Casa;75;2;taguatinga
1200;Apartamento;70;2;taguatinga
900;Apartamento;50;2;samambaia
1750;Apartamento;48;2;aguas claras
1300;Casa;100;2;taguatinga
1100;Apartamento;48;2;nucleo bandeirante
900;Apartamento;70;2;taguatinga
1490;Apartamento;62;2;asa norte
900;Apartamento;60;2;samambaia
1950;Apartamento;68;2;aguas claras
3500;Apartamento;86;2;noroeste
500;Apartamento;44;2;santa maria
1800;Apartamento;58;2;aguas claras
2500;Apartamento;58;2;sudoeste
900;Apartamento;65;2;taguatinga
3300;Casa;125;2;jardim botanico
3000;Apartamento;75;2;sudoeste
800;Apartamento;57;2;ceilandia
1400;Apartamento;40;2;asa norte
1300;Apartamento;50;2;areal
1100;Apartamento;38;2;guara ii
1300;Apartamento;47;2;cruzeiro
2650;Apartamento;70;2;aguas claras
800;Apartamento;60;2;nucleo bandeirante
800;Apartamento;26;2;ceilandia
3000;Casa;2500;2;park way
1400;Apartamento;50;2;mangueiral
1850;Apartamento;60;2;lago norte
950;Apartamento;44;2;taguatinga
1000;Apartamento;60;2;sobradinho
850;Apartamento;55;2;vicente pires
2500;Apartamento;75;2;asa sul
600;Apartamento;33;2;taguatinga
2500;Apartamento;54;2;asa sul
980;Apartamento;47;2;samambaia
1350;Apartamento;48;2;asa norte
1400;Apartamento;50;2;mangueiral
3200;Apartamento;70;2;noroeste
800;Apartamento;50;2;guara ii
1650;Apartamento;60;2;aguas claras
2050;Apartamento;60;2;lago norte
1200;Apartamento;40;2;lago norte
1500;Apartamento;78;2;taguatinga
1650;Apartamento;59;2;aguas claras
3600;Apartamento;80;2;guara ii
2300;Apartamento;60;2;aguas claras
1200;Apartamento;35;2;sobradinho
2000;Apartamento;56;2;asa sul
1400;Apartamento;62;2;cruzeiro
1300;Apartamento;68;2;samambaia
650;Apartamento;45;2;lucio costa
1000;Apartamento;52;2;samambaia
1300;Apartamento;84;2;taguatinga
850;Apartamento;70;2;guara i
800;Apartamento;58;2;samambaia
1300;Apartamento;1;2;mangueiral
1200;Casa;150;2;riacho fundo
1500;Apartamento;68;2;aguas claras
1300;Apartamento;1;2;mangueiral
800;Apartamento;36;2;riacho fundo
950;Apartamento;49;2;guara i
900;Apartamento;43;2;guara i
1300;Casa;40;2;sobradinho
2300;Casa;60;2;guara ii
1950;Apartamento;55;2;aguas claras
600;Apartamento;55;2;samambaia
2200;Apartamento;57;2;guara ii
900;Casa;72;2;samambaia
4200;Apartamento;100;2;sudoeste
500;Apartamento;45;2;taguatinga
650;Apartamento;40;2;recanto das emas
2000;Apartamento;63;2;asa sul
6500;Apartamento;210;2;asa sul
2700;Apartamento;50;2;sudoeste
700;Apartamento;56;2;samambaia
1200;Apartamento;42;2;samambaia
700;Apartamento;61;2;taguatinga
850;Apartamento;68;2;taguatinga
2950;Apartamento;70;2;asa norte
5000;Apartamento;96;2;asa norte
2000;Casa;45;2;jardim botanico
4300;Apartamento;126;2;asa norte
750;Casa;65;2;gama
1800;Apartamento;60;2;aguas claras
3200;Apartamento;74;2;asa norte
1690;Apartamento;45;2;lago norte
2500;Apartamento;80;2;asa sul
4200;Apartamento;95;2;sudoeste
800;Apartamento;60;2;taguatinga
210;Apartamento;54;2;mangueiral
1050;Apartamento;76;2;taguatinga
2300;Apartamento;61;2;asa norte
1100;Apartamento;90;2;recanto das emas
1150;Apartamento;55;2;guara ii
850;Apartamento;60;2;gama
1800;Apartamento;85;2;aguas claras
1200;Apartamento;70;2;sobradinho
700;Apartamento;50;2;taguatinga
3000;Apartamento;90;2;asa norte
3100;Apartamento;100;2;asa sul
2300;Casa;67;2;mangueiral
2200;Apartamento;107;2;aguas claras
1200;Apartamento;68;2;samambaia
3500;Apartamento;80;2;sudoeste
800;Apartamento;55;2;vicente pires
750;Apartamento;48;2;santa maria
1300;Casa;90;2;taguatinga
800;Apartamento;62;2;samambaia
1800;Apartamento;60;2;asa norte
1100;Apartamento;50;2;guara ii
1200;Apartamento;65;2;guara ii
2300;Apartamento;55;2;sudoeste
1600;Apartamento;60;2;asa norte
1700;Apartamento;65;2;sudoeste
1600;Casa;50;2;guara ii
1350;Apartamento;54;2;taguatinga
1250;Apartamento;48;2;taguatinga
1000;Kitnet;50;2;guara i
2500;Apartamento;65;2;asa norte
1400;Apartamento;50;2;guara ii
2500;Apartamento;75;2;asa sul
1650;Apartamento;49;2;taguatinga
950;Apartamento;55;2;taguatinga
1200;Apartamento;55;2;riacho fundo
1100;Apartamento;60;2;asa norte
1200;Casa;60;2;guara i
1300;Apartamento;55;2;ceilandia
1000;Apartamento;50;2;nucleo bandeirante
2000;Apartamento;70;2;guara i
590;Apartamento;45;2;ceilandia
4800;Apartamento;78;2;noroeste
750;Casa;50;2;ceilandia
900;Apartamento;44;2;areal
2300;Apartamento;80;2;asa norte
3300;Apartamento;64;2;asa sul
1100;Apartamento;65;2;taguatinga
2450;Apartamento;70;2;asa sul
1400;Apartamento;70;2;sobradinho
2000;Apartamento;60;2;aguas claras
950;Apartamento;60;2;nucleo bandeirante
2300;Apartamento;68;2;octogonal
1750;Apartamento;59;2;sudoeste
1100;Apartamento;54;2;guara ii
800;Apartamento;45;2;santa maria
1600;Apartamento;78;2;aguas claras
850;Apartamento;44;2;santa maria
900;Apartamento;60;2;nucleo bandeirante
800;Apartamento;60;2;nucleo bandeirante
950;Apartamento;60;2;nucleo bandeirante
700;Apartamento;49;2;vicente pires
2900;Apartamento;54;2;sudoeste
1100;Apartamento;60;2;riacho fundo
1850;Apartamento;61;2;aguas claras
1500;Apartamento;48;2;asa sul
1400;Apartamento;60;2;guara ii
3200;Apartamento;80;2;noroeste
650;Apartamento;75;2;ceilandia
1800;Apartamento;54;2;asa sul
12000;Apartamento;172;2;park sul
850;Apartamento;50;2;nucleo bandeirante
900;Apartamento;50;2;nucleo bandeirante
2800;Apartamento;55;2;asa norte
1300;Apartamento;47;2;asa norte
1230;Apartamento;55;2;nucleo bandeirante
950;Apartamento;55;2;nucleo bandeirante
1350;Apartamento;60;2;guara i
750;Apartamento;45;2;taguatinga
1100;Apartamento;48;2;guara i
4200;Apartamento;78;2;park sul
1480;Apartamento;54;2;lago norte
2200;Casa;1000;2;jardim botanico
850;Apartamento;55;2;nucleo bandeirante
1100;Apartamento;52;2;riacho fundo
1200;Apartamento;60;2;nucleo bandeirante
4200;Apartamento;100;2;asa norte
2200;Apartamento;65;2;asa sul
2600;Apartamento;40;2;park sul
900;Apartamento;71;2;taguatinga
1900;Apartamento;70;2;aguas claras
1350;Apartamento;1;2;samambaia
330000;Apartamento;52;2;aguas claras
1000;Casa;60;2;riacho fundo
1900;Apartamento;48;2;sudoeste
2950;Apartamento;96;2;asa sul
1600;Apartamento;57;2;sudoeste
850;Apartamento;50;2;riacho fundo
4500;Apartamento;77;2;noroeste
2200;Apartamento;65;2;asa sul
1700;Kitnet;30;2;lago norte
1200;Casa;70;2;taguatinga
750;Casa;70;2;ceilandia
900;Apartamento;50;2;guara ii
850;Apartamento;50;2;guara ii
1450;Apartamento;59;2;cruzeiro
1050;Apartamento;43;2;guara i
1200;Apartamento;60;2;riacho fundo
1200;Apartamento;48;2;guara i
2600;Apartamento;53;2;asa norte
1350;Apartamento;60;2;taguatinga
3350;Apartamento;70;2;asa norte
1290;Apartamento;65;2;taguatinga
2900;Apartamento;70;2;asa norte
1600;Casa;100;2;paranoa
1500;Apartamento;44;2;asa sul
1600;Apartamento;62;2;guara ii
1500;Apartamento;45;2;cruzeiro
1000;Apartamento;58;2;samambaia
1500;Apartamento;50;2;asa sul
790;Apartamento;55;2;guara ii
3000;Apartamento;60;2;sudoeste
1200;Apartamento;53;2;ceilandia
1000;Apartamento;70;2;sobradinho
2450;Apartamento;91;2;guara ii
580;Casa;40;2;taguatinga
1400;Apartamento;55;2;asa sul
1100;Apartamento;60;2;riacho fundo
850;Apartamento;60;2;taguatinga
850;Apartamento;60;2;ceilandia
2300;Apartamento;90;2;octogonal
1600;Apartamento;60;2;aguas claras
1000;Apartamento;53;2;guara i
1200;Apartamento;1;2;samambaia
730;Apartamento;50;2;riacho fundo
1600;Casa;80;2;riacho fundo
2700;Apartamento;80;2;asa norte
1100;Apartamento;50;2;guara i
800;Apartamento;45;2;guara ii
550;Apartamento;47;2;nucleo bandeirante
1000;Apartamento;60;2;nucleo bandeirante
1400;Casa;200;2;riacho fundo
1600;Apartamento;77;2;aguas claras
1400;Casa;90;2;riacho fundo
1230;Apartamento;44;2;gama
550;Apartamento;45;2;nucleo bandeirante
1250;Apartamento;50;2;mangueiral
700;Apartamento;65;2;taguatinga
950;Apartamento;49;2;guara i
750;Apartamento;65;2;taguatinga
1400;Apartamento;55;2;aguas claras
3500;Apartamento;70;2;park sul
3000;Apartamento;70;2;asa norte
780;Apartamento;48;2;santa maria
1200;Apartamento;57;2;nucleo bandeirante
1200;Apartamento;60;2;riacho fundo
3150;Apartamento;85;2;sudoeste
1350;Apartamento;55;2;lucio costa
1500;Apartamento;72;2;aguas claras
1100;Apartamento;50;2;ceilandia
700;Apartamento;60;2;samambaia
800;Apartamento;50;2;taguatinga
990;Casa;60;2;taguatinga
900;Apartamento;60;2;taguatinga
800;Apartamento;59;2;ceilandia
1900;Apartamento;58;2;guara ii
2290;Apartamento;75;2;asa norte
780;Apartamento;50;2;guara ii
800;Apartamento;60;2;taguatinga
1000;Apartamento;70;2;nucleo bandeirante
650;Apartamento;48;2;vicente pires
650;Apartamento;48;2;vicente pires
650;Apartamento;48;2;vicente pires
1200;Casa;50;2;ceilandia
1800;Apartamento;50;2;asa norte
700;Apartamento;55;2;nucleo bandeirante
1300;Apartamento;55;2;asa norte
800;Apartamento;50;2;taguatinga
5500;Apartamento;167;2;asa norte
800;Apartamento;50;2;santa maria
3200;Apartamento;82;2;asa norte
900;Apartamento;60;2;taguatinga
1900;Apartamento;62;2;cruzeiro
1900;Apartamento;70;2;asa norte
1226;Casa;144;2;ceilandia
1600;Apartamento;90;2;riacho fundo
800;Apartamento;45;2;guara ii
2500;Casa;110;2;jardim botanico
630;Apartamento;50;2;samambaia
1200;Casa;80;2;taguatinga
800;Casa;60;2;taguatinga
1000;Apartamento;65;2;guara ii
850;Apartamento;50;2;areal
2600;Apartamento;56;2;asa sul
900;Apartamento;58;2;samambaia
750;Apartamento;48;2;taguatinga
900;Apartamento;60;2;taguatinga
650;Apartamento;40;2;riacho fundo
1800;Apartamento;60;2;sudoeste
2200;Apartamento;62;2;asa norte
1400;Apartamento;49;2;asa sul
750;Apartamento;45;2;sobradinho
1400;Apartamento;69;2;guara i
1000;Apartamento;57;2;taguatinga
750;Kitnet;35;2;samambaia
1500;Casa;60;2;taguatinga
690;Apartamento;50;2;samambaia
600;Apartamento;45;2;ceilandia
900;Apartamento;70;2;samambaia
1350;Apartamento;48;2;guara i
700;Apartamento;50;2;samambaia
550;Apartamento;50;2;samambaia
1300;Kitnet;30;2;lago norte
1650;Apartamento;68;2;aguas claras
1600;Apartamento;56;2;sobradinho
1200;Apartamento;60;2;aguas claras
850;Apartamento;59;2;ceilandia
900;Apartamento;50;2;ceilandia
900;Apartamento;55;2;ceilandia
2150;Apartamento;82;2;aguas claras
800;Apartamento;72;2;taguatinga
800;Apartamento;50;2;aguas claras
900;Apartamento;50;2;vicente pires
1000;Apartamento;64;2;vicente pires
2000;Apartamento;55;2;asa sul
600;Casa;60;2;taguatinga
800;Casa;50;2;taguatinga
2000;Casa;160;2;sobradinho
800;Apartamento;50;2;taguatinga
2200;Apartamento;64;2;asa norte
850;Apartamento;40;2;taguatinga
700;Apartamento;60;2;taguatinga
750;Apartamento;50;2;guara ii
1100;Apartamento;50;2;taguatinga
700;Apartamento;40;2;guara ii
1500;Apartamento;90;2;taguatinga
1500;Apartamento;90;2;taguatinga
800;Casa;80;2;taguatinga
900;Apartamento;66;2;ceilandia
700;Apartamento;55;2;nucleo bandeirante
1000;Apartamento;61;2;aguas claras
270000;Apartamento;61;2;guara i
660;Apartamento;3;2;ceilandia
1500;Casa;90;2;riacho fundo
1500;Casa;60;2;guara ii
500;Apartamento;49;2;santa maria
2600;Apartamento;70;2;octogonal
800;Apartamento;75;2;riacho fundo
700;Apartamento;52;2;nucleo bandeirante
6500;Apartamento;158;2;asa norte
950;Apartamento;60;2;sobradinho
700;Apartamento;45;2;taguatinga
730;Apartamento;50;2;riacho fundo
1000;Apartamento;75;2;vicente pires
850;Apartamento;45;2;taguatinga
1700;Apartamento;68;2;aguas claras
4500;Apartamento;116;3;noroeste
4500;Apartamento;107;3;asa sul
16000;Apartamento;255;3;noroeste
17000;Apartamento;382;3;noroeste
3500;Apartamento;11;3;asa norte
3250;Apartamento;89;3;asa norte
16000;Apartamento;255;3;noroeste
3500;Apartamento;160;3;aguas claras
3400;Apartamento;106;3;octogonal
3150;Apartamento;100;3;asa norte
1200;Apartamento;73;3;taguatinga
3500;Casa;320;3;jardim botanico
6000;Apartamento;114;3;noroeste
3000;Casa;150;3;guara ii
3000;Apartamento;130;3;asa norte
1350;Apartamento;76;3;areal
6800;Apartamento;194;3;asa sul
1890;Apartamento;72;3;aguas claras
2600;Apartamento;100;3;aguas claras
1600;Apartamento;69;3;gama
2500;Casa;80;3;mangueiral
3500;Casa;120;3;cruzeiro
3300;Casa;150;3;gama
8800;Casa;220;3;guara i
5500;Apartamento;170;3;asa sul
13000;Apartamento;190;3;asa sul
5000;Apartamento;105;3;asa norte
2300;Apartamento;82;3;asa norte
1800;Casa;90;3;taguatinga
4000;Apartamento;110;3;asa sul
3600;Apartamento;161;3;aguas claras
4290;Apartamento;136;3;asa sul
900;Apartamento;65;3;samambaia
2150;Apartamento;87;3;aguas claras
1500;Apartamento;80;3;cruzeiro
1450;Apartamento;72;3;aguas claras
2300;Apartamento;120;3;aguas claras
2800;Apartamento;85;3;asa sul
2950;Apartamento;146;3;aguas claras
2100;Apartamento;82;3;aguas claras
5500;Apartamento;200;3;asa sul
4500;Apartamento;144;3;asa sul
1700;Casa;150;3;taguatinga
10500;Apartamento;224;3;sudoeste
2500;Casa;67;3;mangueiral
2500;Apartamento;63;3;aguas claras
10000;Casa;450;3;lago sul
1200;Apartamento;51;3;samambaia
2200;Apartamento;78;3;aguas claras
2100;Apartamento;97;3;guara i
3000;Apartamento;94;3;asa norte
4800;Apartamento;98;3;sudoeste
3800;Apartamento;138;3;sudoeste
2750;Casa;100;3;cruzeiro
2200;Apartamento;123;3;asa sul
2600;Apartamento;90;3;sudoeste
1100;Casa;110;3;ceilandia
2300;Casa;100;3;candangolandia
1600;Casa;150;3;taguatinga
5600;Apartamento;169;3;asa sul
3500;Apartamento;160;3;aguas claras
1800;Apartamento;62;3;cruzeiro
2900;Apartamento;75;3;asa sul
9000;Apartamento;246;3;asa sul
1700;Casa;100;3;mangueiral
25000;Loja;900;3;jardim botanico
2700;Casa;67;3;mangueiral
3300;Apartamento;80;3;sudoeste
2200;Apartamento;77;3;taguatinga
650;Apartamento;68;3;taguatinga
9000;Apartamento;200;3;sudoeste
3200;Casa;150;3;jardim botanico
1300;Apartamento;63;3;samambaia
4200;Apartamento;120;3;sudoeste
1800;Casa;250;3;ceilandia
3200;Apartamento;75;3;asa norte
850;Apartamento;65;3;taguatinga
1300;Casa;100;3;samambaia
800;Casa;80;3;paranoa
2200;Apartamento;68;3;cruzeiro
2250;Apartamento;81;3;aguas claras
5800;Apartamento;157;3;asa sul
2300;Apartamento;78;3;asa sul
2500;Casa;170;3;lago sul
18000;Apartamento;300;3;park sul
2775;Apartamento;65;3;cruzeiro
3700;Apartamento;136;3;asa norte
5500;Apartamento;157;3;asa sul
1500;Casa;100;3;samambaia
2300;Casa;90;3;guara i
4200;Apartamento;95;3;asa norte
6000;Casa;260;3;asa norte
1100;Casa;112;3;samambaia
2500;Apartamento;77;3;guara ii
25000;Casa;700;3;park way
3000;Apartamento;94;3;asa norte
2700;Casa;1;3;taguatinga
5900;Apartamento;166;3;asa sul
3400;Apartamento;98;3;aguas claras
1700;Casa;95;3;areal
3500;Apartamento;94;3;asa norte
4000;Apartamento;120;3;sudoeste
3400;Casa;120;3;asa sul
800;Apartamento;80;3;ceilandia
1400;Casa;142;3;samambaia
1000;Casa;107;3;recanto das emas
3200;Apartamento;92;3;asa norte
1400;Casa;70;3;taguatinga
8000;Apartamento;127;3;park sul
2000;Casa;150;3;taguatinga
1700;Casa;100;3;ceilandia
2000;Apartamento;68;3;cruzeiro
2900;Apartamento;89;3;asa sul
1700;Apartamento;75;3;cruzeiro
3500;Apartamento;161;3;aguas claras
2850;Casa;120;3;jardim botanico
2700;Apartamento;79;3;asa sul
12250;Apartamento;234;3;asa sul
2950;Casa;120;3;jardim botanico
4000;Apartamento;150;3;asa norte
3100;Apartamento;90;3;asa norte
5500;Apartamento;122;3;noroeste
2300;Apartamento;127;3;aguas claras
4300;Casa;400;3;jardim botanico
2300;Apartamento;85;3;asa norte
2500;Casa;110;3;samambaia
1800;Apartamento;75;3;sobradinho
2200;Casa;150;3;sobradinho
2500;Apartamento;90;3;asa sul
5700;Apartamento;156;3;asa sul
950;Apartamento;80;3;areal
1200;Apartamento;64;3;taguatinga
3600;Apartamento;110;3;asa sul
3200;Apartamento;87;3;guara ii
12500;Apartamento;258;3;noroeste
3700;Casa;290;3;lago norte
1000;Casa;112;3;samambaia
1300;Apartamento;60;3;lucio costa
4500;Casa;256;3;lago norte
1400;Apartamento;78;3;lucio costa
2700;Apartamento;130;3;aguas claras
3300;Apartamento;134;3;asa sul
6000;Apartamento;160;3;asa sul
2700;Casa;170;3;lago norte
4500;Casa;110;3;asa sul
2500;Casa;80;3;guara i
2500;Apartamento;75;3;gama
2000;Casa;120;3;nucleo bandeirante
10000;Apartamento;160;3;asa sul
4000;Apartamento;100;3;noroeste
1700;Apartamento;67;3;cruzeiro
3600;Apartamento;140;3;asa sul
3200;Apartamento;92;3;sudoeste
4200;Casa;300;3;jardim botanico
2500;Casa;80;3;taguatinga
4000;Apartamento;120;3;asa sul
6000;Apartamento;127;3;noroeste
3000;Casa;170;3;guara i
3000;Apartamento;100;3;asa norte
2300;Apartamento;110;3;asa sul
4200;Casa;130;3;asa sul
4500;Apartamento;155;3;asa sul
1990;Apartamento;89;3;guara ii
2900;Apartamento;84;3;aguas claras
4000;Casa;248;3;taguatinga
5100;Apartamento;96;3;asa norte
5000;Apartamento;81;3;asa sul
5400;Apartamento;120;3;park sul
1800;Apartamento;72;3;cruzeiro
1600;Apartamento;62;3;guara ii
2400;Apartamento;90;3;asa sul
2500;Apartamento;1;3;cruzeiro
2000;Casa;190;3;riacho fundo
4500;Apartamento;170;3;asa sul
1500;Casa;154;3;ceilandia
2500;Apartamento;78;3;asa sul
1300;Casa;120;3;samambaia
4800;Casa;250;3;lago norte
2000;Casa;80;3;gama
4000;Apartamento;120;3;asa sul
2300;Casa;120;3;candangolandia
1900;Casa;120;3;guara ii
3200;Apartamento;85;3;asa sul
2500;Apartamento;80;3;aguas claras
3700;Apartamento;92;3;sudoeste
5100;Apartamento;96;3;asa norte
1100;Casa;75;3;taguatinga
3400;Apartamento;70;3;sudoeste
5800;Apartamento;90;3;sudoeste
4200;Casa;201;3;sobradinho
4000;Apartamento;120;3;sudoeste
4000;Apartamento;123;3;asa norte
4000;Apartamento;120;3;sudoeste
4200;Casa;120;3;cruzeiro
3500;Apartamento;80;3;asa norte
2700;Apartamento;80;3;asa norte
4300;Apartamento;128;3;asa norte
3200;Apartamento;120;3;asa sul
25000;Apartamento;200;3;noroeste
850;Apartamento;60;3;ceilandia
3200;Apartamento;90;3;asa norte
4200;Apartamento;107;3;asa norte
6000;Apartamento;202;3;asa sul
3300;Rural;2,00;3;paranoa
1500;Apartamento;57;3;lucio costa
1200;Apartamento;1;3;taguatinga
7000;Apartamento;99;3;sudoeste
1300;Casa;62;3;taguatinga
2700;Apartamento;90;3;vicente pires
3480;Apartamento;95;3;asa norte
1000;Apartamento;70;3;samambaia
2100;Apartamento;72;3;aguas claras
1700;Apartamento;90;3;taguatinga
1450;Apartamento;63;3;cruzeiro
1900;Predio;390;3;areal
3200;Apartamento;87;3;guara ii
1500;Casa;120;3;riacho fundo
4200;Apartamento;104;3;octogonal
3800;Casa;300;3;sobradinho
3300;Apartamento;100;3;guara ii
4900;Apartamento;110;3;asa norte
7200;Apartamento;160;3;asa sul
900;Casa;80;3;riacho fundo
1400;Casa;123;3;ceilandia
4000;Apartamento;120;3;asa norte
2600;Apartamento;88;3;asa sul
1400;Apartamento;80;3;cruzeiro
3300;Apartamento;90;3;sudoeste
3300;Casa;230;3;samambaia
3700;Apartamento;95;3;sudoeste
2300;Apartamento;90;3;aguas claras
4800;Apartamento;106;3;noroeste
3200;Casa;100;3;guara ii
1290;Apartamento;70;3;areal
2300;Casa;67;3;mangueiral
3000;Apartamento;102;3;aguas claras
2950;Casa;120;3;jardim botanico
3900;Casa;120;3;guara ii
1000;Casa;75;3;ceilandia
4500;Apartamento;100;3;asa norte
1350;Casa;90;3;ceilandia
2500;Apartamento;100;3;aguas claras
1100;Casa;110;3;ceilandia
1400;Apartamento;60;3;guara i
2500;Apartamento;140;3;aguas claras
2300;Apartamento;100;3;asa sul
2900;Casa;253;3;jardim botanico
3400;Apartamento;95;3;asa norte
4000;Casa;280;3;taguatinga
16000;Apartamento;255;3;noroeste
5000;Apartamento;81;3;asa sul
4800;Apartamento;199;3;asa sul
2300;Apartamento;80;3;asa sul
1900;Apartamento;70;3;aguas claras
4800;Apartamento;122;3;asa norte
3500;Apartamento;127;3;asa norte
2500;Apartamento;1;3;taguatinga
3300;Apartamento;154;3;asa sul
2700;Apartamento;80;3;asa norte
4843;Apartamento;96;3;park sul
2500;Casa;200;3;guara i
4600;Apartamento;134;3;asa norte
7300;Apartamento;160;3;asa sul
4000;Apartamento;120;3;sudoeste
3600;Apartamento;104;3;aguas claras
2450;Apartamento;97;3;guara ii
22000;Casa;600;3;lago sul
1600;Apartamento;72;3;aguas claras
1000;Apartamento;80;3;ceilandia
5100;Apartamento;96;3;asa norte
2100;Casa;67;3;mangueiral
2500;Casa;120;3;guara ii
4000;Apartamento;120;3;asa norte
3100;Rural;0,03;3;recanto das emas
900;Apartamento;53;3;nucleo bandeirante
1500;Casa;100;3;taguatinga
1400;Apartamento;59;3;guara i
5000;Apartamento;110;3;asa sul
3700;Casa;196;3;asa sul
2000;Apartamento;80;3;cruzeiro
1200;Casa;100;3;ceilandia
5800;Apartamento;156;3;asa sul
1200;Casa;120;3;ceilandia
1800;Casa;125;3;nucleo bandeirante
1050;Casa;75;3;areal
1200;Apartamento;70;3;taguatinga
1100;Casa;90;3;ceilandia
5500;Apartamento;91;3;noroeste
2700;Apartamento;110;3;aguas claras
5550;Apartamento;110;3;noroeste
3800;Apartamento;112;3;asa sul
850;Casa;60;3;riacho fundo
2600;Casa;160;3;guara i
960;Apartamento;58;3;santa maria
3500;Apartamento;160;3;aguas claras
1850;Apartamento;69;3;cruzeiro
1500;Apartamento;100;3;riacho fundo
900;Casa;1;3;samambaia
7800;Apartamento;117;3;park sul
7000;Apartamento;100;3;asa norte
1800;Casa;275;3;gama
3100;Apartamento;144;3;asa norte
3800;Apartamento;97;3;asa sul
3500;Apartamento;161;3;aguas claras
1300;Casa;60;3;taguatinga
3400;Apartamento;85;3;asa norte
1650;Apartamento;62;3;taguatinga
2500;Apartamento;115;3;aguas claras
2800;Apartamento;89;3;asa sul
4700;Apartamento;135;3;asa norte
500000;Casa;120;3;nucleo bandeirante
5500;Apartamento;91;3;noroeste
5100;Apartamento;96;3;asa norte
1550;Apartamento;65;3;guara i
2300;Casa;120;3;guara i
5500;Apartamento;116;3;park sul
5800;Apartamento;158;3;asa sul
4300;Casa;300;3;sobradinho
900;Casa;100;3;riacho fundo
1600;Casa;90;3;candangolandia
4000;Apartamento;118;3;asa norte
4500;Apartamento;130;3;asa norte
1250;Apartamento;65;3;samambaia
2500;Apartamento;85;3;asa sul
3500;Apartamento;85;3;lago norte
3100;Apartamento;81;3;sudoeste
1600;Casa;1;3;taguatinga
3000;Casa;120;3;guara ii
2200;Apartamento;78;3;guara ii
3400;Apartamento;120;3;asa sul
2000;Apartamento;84;3;riacho fundo
2700;Apartamento;78;3;octogonal
4900;Apartamento;110;3;noroeste
1600;Casa;100;3;guara ii
3400;Apartamento;103;3;asa sul
3100;Apartamento;107;3;aguas claras
6100;Apartamento;127;3;asa norte
2600;Casa;230;3;sobradinho
1500;Casa;100;3;taguatinga
3350;Apartamento;80;3;asa norte
5000;Apartamento;110;3;asa norte
4000;Apartamento;120;3;asa norte
1400;Apartamento;72;3;gama
2200;Apartamento;62;3;cruzeiro
2200;Apartamento;65;3;cruzeiro
3500;Apartamento;95;3;sudoeste
2600;Apartamento;80;3;asa sul
5100;Apartamento;95;3;asa norte
7800;Apartamento;200;3;asa norte
3300;Apartamento;95;3;asa norte
1600;Apartamento;77;3;guara ii
1500;Apartamento;68;3;sobradinho
2800;Apartamento;130;3;asa norte
1000;Apartamento;60;3;ceilandia
1600;Casa;80;3;samambaia
2000;Apartamento;72;3;aguas claras
2700;Casa;210;3;taguatinga
2200;Apartamento;92;3;gama
1100;Casa;60;3;samambaia
1200;Casa;70;3;samambaia
1600;Apartamento;64;3;aguas claras
1800;Casa;110;3;ceilandia
3000;Apartamento;140;3;aguas claras
1650;Casa;80;3;guara ii
3000;Apartamento;100;3;asa norte
2200;Apartamento;98;3;aguas claras
2000;Apartamento;80;3;taguatinga
3500;Rural;0,03;3;sobradinho
3100;Apartamento;85;3;sudoeste
1100;Apartamento;80;3;taguatinga
5000;Apartamento;156;3;asa sul
3000;Casa;800;3;gama
2300;Casa;120;3;ceilandia
2600;Apartamento;105;3;aguas claras
1900;Casa;70;3;guara i
3500;Apartamento;162;3;aguas claras
1400;Casa;110;3;taguatinga
800;Apartamento;50;3;taguatinga
3000;Casa;150;3;taguatinga
3800;Casa;210;3;asa sul
3580;Apartamento;120;3;asa norte
300;Casa;150;3;riacho fundo
1600;Apartamento;70;3;cruzeiro
1600;Apartamento;73;3;gama
1300;Casa;70;3;ceilandia
1850;Apartamento;68;3;cruzeiro
1200;Casa;80;3;taguatinga
3500;Apartamento;105;3;octogonal
950;Casa;80;3;santa maria
1100;Apartamento;65;3;taguatinga
1300;Casa;90;3;samambaia
6600;Casa;600;3;asa norte
850;Apartamento;57;3;taguatinga
1200;Casa;65;3;taguatinga
800000;Casa;500;3;samambaia
3990;Casa;100;3;asa sul
170000;Casa;150;3;samambaia
895;Casa;1;3;ceilandia
895;Casa;1;3;ceilandia
1200;Apartamento;65;3;samambaia
6000;Casa;450;4;jardim botanico
5000;Casa;579;4;lago sul
5700;Apartamento;148;4;sudoeste
60000;Casa;1538;10;lago sul
15000;Casa;1200;5;lago sul
5500;Apartamento;170;4;aguas claras
8700;Casa;488;4;lago sul
60000;Casa;1538;10;lago sul
15000;Casa;576;5;lago sul
19990;Casa;785;4;lago sul
30000;Casa;1200;8;lago sul
6000;Casa;531;4;jardim botanico
4500;Apartamento;188;4;aguas claras
5700;Apartamento;144;4;sudoeste
17000;Apartamento;382;4;noroeste
3700;Casa;300;4;guara ii
20000;Casa;1013;5;lago sul
8000;Casa;300;4;jardim botanico
6900;Casa;407;5;jardim botanico
16000;Casa;480;4;lago sul
15000;Casa;1000;5;lago sul
1800000;Casa;400;4;jardim botanico
10000;Apartamento;200;4;sudoeste
12500;Casa;520;5;lago sul
14000;Apartamento;303;4;sudoeste
45000;Casa;2000;7;park way
5700;Casa;400;4;jardim botanico
7000;Casa;800;5;lago sul
10900;Apartamento;328;5;octogonal
7500;Casa;807;9;park way
35000;Casa;1376;4;lago sul
2100;Casa;130;4;guara i
6300;Apartamento;128;4;asa norte
95000;Casa;1780;5;lago sul
3500;Casa;240;4;jardim botanico
7000;Casa;423;4;lago norte
19999;Casa;700;6;lago sul
24000;Casa;1000;6;lago sul
5200;Casa;402;4;lago norte
3000;Apartamento;106;4;aguas claras
11500;Casa;1110;4;lago sul
13000;Casa;1200;4;lago sul
19500;Apartamento;220;4;asa sul
5000;Casa;500;4;samambaia
10000;Casa;600;6;lago sul
5000;Casa;350;4;lago sul
31000;Casa;900;5;lago sul
39500;Casa;700;4;lago sul
28000;Casa;1500;5;park way
4000;Casa;200;5;guara ii
6000;Apartamento;175;5;asa sul
10000;Casa;650;6;taguatinga
14500;Casa;900;4;lago sul
6100;Apartamento;128;4;asa norte
13500;Casa;1200;4;lago sul
12500;Loja;640;10;taguatinga
7800;Casa;292;4;lago norte
14000;Casa;950;5;lago sul
9000;Apartamento;218;4;sudoeste
4000;Casa;200;4;guara ii
6300;Apartamento;128;4;asa norte
15000;Casa;1386;14;park way
14000;Casa;900;6;lago sul
10000;Apartamento;200;4;asa norte
10900;Apartamento;26462;5;asa sul
5600;Apartamento;170;4;asa sul
6300;Apartamento;129;4;asa norte
3200;Casa;180;5;guara ii
13000;Casa;650;6;lago sul
6000;Casa;245;5;asa sul
28000;Casa;979;5;lago sul
11000;Casa;545;7;park way
90000;Casa;1400;5;lago sul
9000;Casa;633;4;lago norte
4000;Apartamento;133;4;aguas claras
39500;Casa;700;4;lago sul
19500;Casa;500;7;lago sul
6300;Apartamento;128;4;asa norte
12088;Casa;866;6;park way
6000;Apartamento;174;4;asa norte
28000;Casa;980;5;lago sul
6300;Apartamento;129;4;asa norte
4000;Hotel-Flat;300;12;nucleo bandeirante
21700;Casa;2000;9;lago sul
9000;Apartamento;199;4;sudoeste
11000;Ponto;Comercial;10;taguatinga
5650;Casa;224;4;asa sul
5000;Casa;315;7;sobradinho
12000;Casa;800;6;lago sul
13000;Casa;700;5;lago sul
7500;Casa;640;4;lago sul
13000;Casa;733;5;lago sul
19500;Apartamento;220;4;noroeste
14000;Casa;830;4;lago sul
3000;Casa;319;4;nucleo bandeirante
13000;Casa;700;5;lago sul
15000;Casa;1000;4;lago sul
4500;Apartamento;120;4;asa sul
3000;Casa;100;4;guara ii
25000;Casa;1100;5;lago sul
5100;Apartamento;180;4;asa sul
35000;Ponto;Comercial;28;aguas claras
3400;Apartamento;122;4;aguas claras
4500;Casa;214;5;asa sul
16000;Casa;600;4;lago sul
3550;Casa;250;8;nucleo bandeirante
8500;Apartamento;198;4;asa sul
28000;Casa;1500;5;park way
11500;Apartamento;551;4;noroeste
15000;Casa;1200;5;lago sul
10000;Apartamento;440;4;sudoeste
6300;Apartamento;128;4;asa norte
15000;Casa;750;6;lago sul
35000;Ponto;Comercial;5;lago sul
6300;Apartamento;128;4;asa norte
9500;Apartamento;234;4;asa sul
29900;Casa;875;5;lago sul
7000;Casa;660;4;park way
12000;Casa;800;5;lago sul
6300;Apartamento;128;4;asa norte
3500;Apartamento;137;4;asa norte
5500;Apartamento;140;4;sudoeste
12000;Casa;520;5;lago sul
20000;Casa;672;5;lago sul
1800;Casa;180;4;guara i
12000;Casa;1400;7;lago sul
4200;Casa;470;5;jardim botanico
19900;Casa;400;4;lago sul
7800;Apartamento;212;4;asa norte
15000;Casa;900;7;lago sul
8500;Apartamento;215;4;noroeste
24000;Casa;935;5;lago sul
12900;Apartamento;438;4;asa sul
15000;Casa;1000;6;lago norte
12500;Apartamento;270;4;asa norte
35000;Casa;1103;5;lago sul
18000;Casa;980;5;park way
3500;Casa;250;4;jardim botanico
8500;Casa;600;4;jardim botanico
10900;Apartamento;462;5;asa sul
30000;Casa;1500;4;lago sul
9000;Casa;400;4;lago sul
10000;Casa;500;4;lago sul
15000;Apartamento;330;4;sudoeste
4900;Apartamento;200;5;asa sul
8000;Casa;400;4;lago norte
8800;Casa;450;4;lago sul
5000;Casa;430;4;vicente pires
4500;Apartamento;240;4;asa sul
8000;Casa;383;4;park way
20000;Casa;1000;6;lago sul
9000;Casa;550;5;lago sul
25000;Casa;1118;4;lago sul
80000;Casa;842;5;lago sul
5000;Apartamento;192;4;sudoeste
3500;Casa;250;4;nucleo bandeirante
45000;Casa;1100;5;lago sul
11900;Apartamento;328;5;octogonal
3100;Casa;180;4;nucleo bandeirante
6000;Casa;400;5;vicente pires
7900;Casa;500;6;jardim botanico
6300;Apartamento;128;4;asa norte
13000;Apartamento;550;5;noroeste
6800;Apartamento;202;4;asa norte
19500;Apartamento;220;4;noroeste
10000;Apartamento;200;4;sudoeste
6000;Apartamento;197;4;sudoeste
25000;Casa;1118;4;lago sul
11500;Casa;1110;4;lago sul
10000;Casa;760;5;jardim botanico
20000;Casa;930;4;lago norte
2600;Casa;350;5;jardim botanico
20000;Casa;1000;5;park way
11000;Apartamento;280;4;asa norte
6900;Apartamento;173;4;asa norte
9000;Casa;857;4;lago sul
45000;Casa;1000;6;lago sul
6000;Casa;531;4;jardim botanico
9500;Casa;2000;5;park way
8000;Casa;600;4;lago sul
2300;Apartamento;100;4;aguas claras
10000;Casa;588;6;park way
18000;Casa;956;7;lago sul
5200;Casa;249;4;sobradinho
6800;Apartamento;152;4;noroeste
7000;Apartamento;237;4;asa sul
12000;Rural;0,50;9;jardim botanico
16500;Casa;600;5;lago sul
100000;Casa;1600;5;lago sul
20000;Casa;700;4;lago sul
15000;Casa;890;4;lago sul
12000;Apartamento;440;4;sudoeste
14000;Casa;857;4;lago sul
9000;Apartamento;557;4;noroeste
12500;Casa;1900;5;lago norte
3300;Casa;132;4;guara ii
6950;Casa;630;4;jardim botanico
47500;Casa;802;5;lago sul
5000;Casa;432;4;jardim botanico
3200;Casa;300;5;santa maria
20000;Casa;600;5;lago sul
2850;Apartamento;104;4;aguas claras
6000;Casa;400;6;taguatinga
20000;Casa;650;4;park way
9000;Casa;970;5;lago sul
7000;Casa;500;5;vicente pires
7000;Casa;430;4;lago sul
17000;Casa;700;5;lago sul
39000;Casa;800;5;lago sul
9500;Apartamento;247;5;asa sul
10000;Casa;832;4;lago sul
6300;Apartamento;129;4;asa norte
20000;Casa;8;7;lago sul
4950;Casa;300;4;asa sul
8000;Apartamento;245;5;asa sul
12500;Casa;732;8;lago sul
7200;Apartamento;170;4;asa norte
28000;Casa;745;5;lago sul
12900;Apartamento;438;4;asa sul
30000;Casa;1800;7;lago sul
4000;Casa;1000;4;sobradinho
38000;Apartamento;835;5;sudoeste
11000;Casa;801;5;lago sul
4300;Apartamento;230;4;aguas claras
29500;Casa;780;4;lago sul
11000;Casa;450;4;lago sul
8500;Casa;530;4;jardim botanico
40000;Apartamento;834;5;sudoeste
38000;Casa;1000;4;lago sul
13500;Casa;1150;5;park way
3500;Casa;300;5;taguatinga
9000;Casa;310;7;park way
7500;Apartamento;168;4;asa sul
5600;Ponto;Comercial;6;taguatinga
5500;Apartamento;264;4;asa sul
5500;Casa;440;4;jardim botanico
15000;Casa;1100;11;lago norte
2200;Casa;360;4;paranoa
7000;Casa;650;4;jardim botanico
2900;Apartamento;91;4;aguas claras
5500;Apartamento;189;4;aguas claras
13000;Casa;1200;5;park way
15000;Casa;1100;4;lago sul
4300;Casa;200;5;guara ii
8900;Casa;750;5;lago sul
5500;Casa;385;5;asa norte
6000;Apartamento;247;4;asa sul
16000;Apartamento;263;4;sudoeste
12000;Casa;620;5;jardim botanico
6300;Apartamento;128;4;asa norte
35000;Casa;1083;9;lago sul
6300;Apartamento;128;4;asa norte
5800;Apartamento;176;4;asa norte
7900;Casa;594;4;lago sul
48000;Casa;1380;6;lago sul
12000;Casa;600;4;lago sul
8000;Apartamento;193;4;sudoeste
2200;Casa;160;4;guara ii
15000;Casa;720;4;lago sul
3300;Apartamento;106;4;aguas claras
11500;Apartamento;555;4;noroeste
6100;Apartamento;129;4;asa norte
35000;Casa;1300;5;lago sul
10000;Apartamento;200;4;asa norte
45000;Casa;1200;5;lago sul
11500;Apartamento;301;4;asa sul
3400;Casa;100;4;guara ii
11500;Casa;1000;4;lago sul
15000;Casa;890;4;lago sul
5000;Casa;140;4;guara ii
5500;Casa;540;4;lago sul
8400;Casa;460;4;lago norte
5750;Apartamento;152;4;noroeste
4500;Casa;180;4;guara ii
10000;Casa;504;6;park way
4100;Apartamento;150;4;asa norte
55000;Casa;1600;6;lago sul
5200;Casa;350;4;jardim botanico
7800;Apartamento;181;4;asa norte
3800;Apartamento;146;4;aguas claras
25000;Casa;800;5;lago sul
2000;Casa;187;4;areal
15000;Casa;1100;4;lago sul
7000;Casa;631;5;lago sul
14000;Rural;0,08;4;lago sul
11500;Casa;500;4;lago norte
3000;Casa;201;4;guara ii
13000;Casa;450;4;lago sul
13500;Casa;830;5;lago sul
10000;Apartamento;200;4;sudoeste
4200;Apartamento;186;4;aguas claras
12000;Casa;730;9;lago sul
2700;Casa;220;4;guara ii
11000;Casa;360;4;lago sul
3950;Apartamento;140;4;asa norte
6000;Casa;300;4;lago sul
3500;Casa;400;4;jardim botanico
20000;Casa;700;4;lago sul
11265;Casa;450;5;park way
15000;Casa;720;4;lago sul
6100;Apartamento;128;4;asa norte
8500;Apartamento;240;4;sudoeste
17000;Casa;490;6;lago sul
6300;Apartamento;128;4;asa norte
20000;Casa;956;6;lago sul
80000;Casa;1400;5;lago sul
7000;Apartamento;154;4;noroeste
7500;Apartamento;187;4;sudoeste
3942;Apartamento;160;4;aguas claras
2000;Casa;142;7;sobradinho
23000;Casa;646;4;lago sul
5000;Casa;320;4;taguatinga
10000;Apartamento;200;4;sudoeste
5500;Casa;300;4;guara ii
2800;Casa;200;6;samambaia
6200;Apartamento;192;4;asa sul
4800;Casa;375;7;guara i
1600;Casa;65;4;guara ii
6500;Apartamento;210;4;asa sul
25000;Casa;2000;5;lago sul
6500;Apartamento;171;4;noroeste
3900;Casa;360;5;nucleo bandeirante
1121411;Apartamento;185;4;aguas claras
10000;Casa;2500;5;park way
3000;Casa;267;4;sobradinho
8000;Casa;350;4;lago sul
2900;Apartamento;138;4;aguas claras
3300;Casa;500;6;taguatinga
3000;Apartamento;110;4;aguas claras
11000;Apartamento;280;4;asa norte
12000;Casa;730;9;lago norte
7500;Apartamento;160;4;sudoeste
2700;Casa;194;4;areal
2300;Casa;1;4;guara ii
4000;Casa;440;4;sobradinho
2800;Casa;100;6;vicente pires
1450;Casa;100;4;taguatinga
4400;Casa;370;4;jardim botanico
6300;Apartamento;128;4;asa norte
4800;Apartamento;203;4;aguas claras
12500;Casa;750;4;lago sul
6100;Apartamento;127;4;asa norte
15000;Casa;600;5;jardim botanico
3500;Apartamento;100;4;nucleo bandeirante
8000;Casa;670;4;lago norte
1350;Apartamento;70;4;taguatinga
8200;Apartamento;280;4;asa sul
80000;Casa;1000;5;lago sul
8200;Apartamento;281;4;asa sul
4500;Casa;170;4;lago norte
8000;Casa;550;4;park way
1800;Apartamento;77;33;ceilandia
10000;Casa;500;5;lago sul
8500;Apartamento;283;5;asa sul
2500;Casa;400;4;samambaia
4250;Apartamento;160;4;asa norte
26000;Casa;1000;5;lago sul
7500;Casa;1020;4;park way
10500;Casa;600;5;lago sul
5500;Casa;1;5;samambaia
3500;Casa;280;6;guara ii
3700;Apartamento;140;4;sudoeste
7000;Casa;306;4;lago norte
9000;Casa;450;4;lago norte
4500;Casa;300;6;taguatinga
8000;Apartamento;150;4;asa norte
3500;Casa;220;4;taguatinga
8500;Casa;530;4;jardim botanico
12000;Apartamento;307;4;sudoeste
4500;Rural;2,30;4;jardim botanico
9000;Casa;600;5;lago sul
8000;Casa;318;5;lago sul
7800;Casa;500;5;lago sul
4500;Apartamento;153;4;aguas claras
10000;Casa;441;4;lago sul
4500;Apartamento;150;4;asa norte
3400;Apartamento;140;4;aguas claras
7000;Apartamento;211;4;asa sul
1090000;Apartamento;260;4;aguas claras
4000;Casa;633;4;lago norte
2900;Casa;240;5;nucleo bandeirante
30000;Casa;900;4;lago sul
3500;Casa;250;4;jardim botanico
3400;Casa;150;4;jardim botanico
40000;Casa;1000;4;lago sul
12000;Apartamento;645;4;asa norte
4000;Casa;450;5;asa sul
4400;Apartamento;200;4;asa sul
5000;Casa;500;4;jardim botanico
3700;Apartamento;124;4;octogonal
12000;Apartamento;134;4;asa norte
3980;Casa;250;4;jardim botanico
3900;Apartamento;124;4;octogonal
9000;Casa;690;5;lago norte
4700;Casa;300;4;jardim botanico
